skill,restart,n,ll_trunc,iters,init_prior,init_learn,init_guess,init_slip,prior,learn,guess,slip,degenerate,implausible,boundary
Circle Graph,0,6208,-3773.0,7,0.46147936225293185,0.3122116705145822,0.04730977034757329,0.19197630639825713,0.5688748167754716,0.06094013100733736,0.1296239210769935,0.292977647593307,False,False,False
Circle Graph,1,6208,-3773.0,10,0.2103825610738409,0.05157051906194132,0.12617134036967356,0.10911323128278679,0.5522869861253892,0.05954499788628912,0.14184830225732936,0.2854331916763222,False,False,False
Circle Graph,2,6208,-3773.0,10,0.8379449074988039,0.03843936315758523,0.3905837860053583,0.14059536049431046,0.5583553586278465,0.05848941787164908,0.1407104202181326,0.28681517044063415,False,False,False
Circle Graph,3,6208,-3774.0,10,0.13179786240439217,0.28653088164742624,0.11576243717888045,0.05495740860213505,0.5426553306725204,0.06052221023628349,0.14517803341804025,0.28266696612577497,False,False,False
Circle Graph,4,6208,-3773.0,8,0.8137978197024772,0.15860229633879386,0.35244127884446463,0.1743818617907576,0.5561092193992434,0.05870002660082047,0.14153025792030005,0.28614451176832295,False,False,False
Percent Of,0,22908,-11591.0,10,0.46147936225293185,0.3122116705145822,0.04730977034757329,0.19197630639825713,0.5204703098922835,0.06832831084421165,0.17481217200178933,0.17607985026840944,False,False,False
Percent Of,1,22908,-10472.0,17,0.2103825610738409,0.05157051906194132,0.12617134036967356,0.10911323128278679,0.059518046877096,0.013006665999782823,0.5349173089536051,0.0007108416387025658,False,True,True
Percent Of,2,22908,-10472.0,15,0.8379449074988039,0.03843936315758523,0.3905837860053583,0.14059536049431046,0.059879717017019496,0.013032281653664428,0.5347887380266144,0.0007408952379347097,False,True,True
Percent Of,3,22908,-10472.0,16,0.13179786240439217,0.28653088164742624,0.11576243717888045,0.05495740860213505,0.06032028211323503,0.01310527661626006,0.5345546017312367,0.000790451331001411,False,True,True
Percent Of,4,22908,-10472.0,16,0.8137978197024772,0.15860229633879386,0.35244127884446463,0.1743818617907576,0.0601676812780183,0.013071560355285474,0.5346513365028995,0.0007706886148481326,False,True,True
Equivalent Fractions,0,2942,-1784.0,7,0.46147936225293185,0.3122116705145822,0.04730977034757329,0.19197630639825713,0.6011430888801786,0.10225267074268507,0.08224511875963889,0.2874848662283732,False,False,False
Equivalent Fractions,1,2942,-1784.0,13,0.2103825610738409,0.05157051906194132,0.12617134036967356,0.10911323128278679,0.6049745907530217,0.09515390706496157,0.09005742845062484,0.2855043212717303,False,False,False
Equivalent Fractions,2,2942,-1784.0,12,0.8379449074988039,0.03843936315758523,0.3905837860053583,0.14059536049431046,0.6109361762245807,0.092877594493422,0.08983930013370113,0.2868886531336226,False,False,False
Equivalent Fractions,3,2942,-1784.0,14,0.13179786240439217,0.28653088164742624,0.11576243717888045,0.05495740860213505,0.6049720405572664,0.0953681973589462,0.08974850050235202,0.28561222395815306,False,False,False
Equivalent Fractions,4,2942,-1784.0,10,0.8137978197024772,0.15860229633879386,0.35244127884446463,0.1743818617907576,0.6091336759801433,0.09346747523925271,0.09004941762349164,0.2864176270066003,False,False,False
Finding Percents,0,7640,-4188.0,8,0.46147936225293185,0.3122116705145822,0.04730977034757329,0.19197630639825713,0.4098894704816419,0.08631191647765195,0.11186182574652635,0.20241470857200003,False,False,False
Finding Percents,1,7640,-4188.0,8,0.2103825610738409,0.05157051906194132,0.12617134036967356,0.10911323128278679,0.378469279377601,0.08673775576338612,0.12666359840657065,0.19061325036249874,False,False,False
Finding Percents,2,7640,-4188.0,7,0.8379449074988039,0.03843936315758523,0.3905837860053583,0.14059536049431046,0.39055445954680673,0.08377605822993915,0.12670802137886317,0.19240403949453722,False,False,False
Finding Percents,3,7640,-4188.0,9,0.13179786240439217,0.28653088164742624,0.11576243717888045,0.05495740860213505,0.37711860903117905,0.08695876060696889,0.1268869682888552,0.1903180037229318,False,False,False
Finding Percents,4,7640,-4187.0,7,0.8137978197024772,0.15860229633879386,0.35244127884446463,0.1743818617907576,0.3976295854952645,0.08486652110698627,0.12090804162616717,0.19612555713199975,False,False,False
Proportion,0,9049,-5420.0,18,0.46147936225293185,0.3122116705145822,0.04730977034757329,0.19197630639825713,0.5615377178067613,0.0450746736297672,0.34498044898344465,0.19049805339966025,False,False,False
Proportion,1,9049,-5420.0,8,0.2103825610738409,0.05157051906194132,0.12617134036967356,0.10911323128278679,0.5530985533882401,0.04650653051318894,0.34594121350684826,0.18902076925888528,False,False,False
Proportion,2,9049,-5418.0,6,0.8379449074988039,0.03843936315758523,0.3905837860053583,0.14059536049431046,0.5358701762829655,0.03994574606786671,0.3689125033999631,0.1773960101650839,False,False,False
Proportion,3,9049,-5419.0,9,0.13179786240439217,0.28653088164742624,0.11576243717888045,0.05495740860213505,0.5367628151231847,0.045439684215602225,0.3561949134665958,0.18268458784666655,False,False,False
Proportion,4,9049,-5420.0,10,0.8137978197024772,0.15860229633879386,0.35244127884446463,0.1743818617907576,0.5602688133133219,0.045078593304871094,0.34560738232831745,0.19007720403131928,False,False,False
Median,0,5783,-3426.0,11,0.46147936225293185,0.3122116705145822,0.04730977034757329,0.19197630639825713,0.6233502138376811,0.08241924319199903,0.28535813155505835,0.1911746211432137,False,False,False
Median,1,5783,-3424.0,6,0.2103825610738409,0.05157051906194132,0.12617134036967356,0.10911323128278679,0.530952514322627,0.09138607540574234,0.32521925851319516,0.16889038690501368,False,False,False
Median,2,5783,-3424.0,8,0.8379449074988039,0.03843936315758523,0.3905837860053583,0.14059536049431046,0.5988872468058589,0.07275240018653106,0.31381430230048835,0.1814260859300142,False,False,False
Median,3,5783,-3425.0,8,0.13179786240439217,0.28653088164742624,0.11576243717888045,0.05495740860213505,0.48635436147203204,0.09134364624249601,0.347755841886673,0.1573458076084785,False,False,False
Median,4,5783,-3426.0,5,0.8137978197024772,0.15860229633879386,0.35244127884446463,0.1743818617907576,0.6300206811554462,0.0786869068150111,0.2866914335799243,0.19199164767586976,False,False,False
Range,0,4034,-2095.0,6,0.46147936225293185,0.3122116705145822,0.04730977034757329,0.19197630639825713,0.7476593744821897,0.39053169572433566,0.09025310374798245,0.16745420369783157,False,False,False
Range,1,4034,-2096.0,6,0.2103825610738409,0.05157051906194132,0.12617134036967356,0.10911323128278679,0.6386524932509788,0.22057942806124375,0.3449481775253529,0.1374140673617494,False,False,False
Range,2,4034,-2098.0,9,0.8379449074988039,0.03843936315758523,0.3905837860053583,0.14059536049431046,0.7548872383358923,0.1349648811118695,0.3241977559260101,0.15308812292442195,False,False,False
Range,3,4034,-2097.0,11,0.13179786240439217,0.28653088164742624,0.11576243717888045,0.05495740860213505,0.6115033418866012,0.21335811303250216,0.3728724581336364,0.1329406161815317,False,False,False
Range,4,4034,-2097.0,5,0.8137978197024772,0.15860229633879386,0.35244127884446463,0.1743818617907576,0.7609892931308067,0.16448598750127189,0.2864172529007869,0.15679390046074126,False,False,False
Table,0,6834,-3657.0,8,0.46147936225293185,0.3122116705145822,0.04730977034757329,0.19197630639825713,0.8392681881478068,0.12606931168186483,0.1058925018438467,0.2038812526781065,False,False,False
Table,1,6834,-3658.0,11,0.2103825610738409,0.05157051906194132,0.12617134036967356,0.10911323128278679,0.8112404136763484,0.10205301351495857,0.2040674930190724,0.19239477609270852,False,False,False
Table,2,6834,-3658.0,10,0.8379449074988039,0.03843936315758523,0.3905837860053583,0.14059536049431046,0.8163961382386027,0.09643056372698827,0.2082214409656768,0.19258535798129534,False,False,False
Table,3,6834,-3659.0,13,0.13179786240439217,0.28653088164742624,0.11576243717888045,0.05495740860213505,0.8050264507793613,0.10238410763889731,0.21293469103431908,0.19099304574974416,False,False,False
Table,4,6834,-3658.0,8,0.8137978197024772,0.15860229633879386,0.35244127884446463,0.1743818617907576,0.81406211498283,0.09965277921423613,0.20483007863241728,0.19262282885545423,False,False,False
Mean,0,2939,-1887.0,9,0.46147936225293185,0.3122116705145822,0.04730977034757329,0.19197630639825713,0.6280133416030934,0.16940128842150529,0.06561751212031858,0.3166159251239778,False,False,False
Mean,1,2939,-1889.0,20,0.2103825610738409,0.05157051906194132,0.12617134036967356,0.10911323128278679,0.6067201915855379,0.156922335365224,0.0920987201690227,0.3088582943292773,False,False,False
Mean,2,2939,-1887.0,15,0.8379449074988039,0.03843936315758523,0.3905837860053583,0.14059536049431046,0.6410657485527171,0.1463446846116788,0.07726445725249959,0.3185364951295403,False,False,False
Mean,3,2939,-1889.0,22,0.13179786240439217,0.28653088164742624,0.11576243717888045,0.05495740860213505,0.6056651050739755,0.1573089237030879,0.09248567190579579,0.3085742969190799,False,False,False
Mean,4,2939,-1888.0,10,0.8137978197024772,0.15860229633879386,0.35244127884446463,0.1743818617907576,0.6282057111475241,0.14529458002369222,0.08756724450103617,0.3144446897163685,False,False,False
Multiplication and Division Integers,0,12975,-6568.0,8,0.46147936225293185,0.3122116705145822,0.04730977034757329,0.19197630639825713,0.9671315173548376,0.017108642332165205,0.0007025644855302819,0.2159672863173532,False,False,True
Multiplication and Division Integers,1,12975,-6568.0,10,0.2103825610738409,0.05157051906194132,0.12617134036967356,0.10911323128278679,0.9677586758783329,0.01659436434530757,0.0004749726976541662,0.21608731203271755,False,False,True
Multiplication and Division Integers,2,12975,-6102.0,7,0.8379449074988039,0.03843936315758523,0.3905837860053583,0.14059536049431046,0.7782732146011866,0.002229223000253596,0.5070574708034679,0.06582174511643173,False,True,False
Multiplication and Division Integers,3,12975,-6567.0,12,0.13179786240439217,0.28653088164742624,0.11576243717888045,0.05495740860213505,0.9680447279497325,0.01645617471813154,0.00017925870425318342,0.21615888591879048,False,False,True
Multiplication and Division Integers,4,12975,-6102.0,10,0.8137978197024772,0.15860229633879386,0.35244127884446463,0.1743818617907576,0.7772470596134692,0.0019571984356506595,0.5079502983658761,0.06564488447449453,False,True,False
Equation Solving Two or Fewer Steps,0,17311,-10477.0,12,0.46147936225293185,0.3122116705145822,0.04730977034757329,0.19197630639825713,0.6829412456708072,0.041180518885364184,0.24303062012866444,0.26345392137339924,False,False,False
Equation Solving Two or Fewer Steps,1,17311,-10475.0,9,0.2103825610738409,0.05157051906194132,0.12617134036967356,0.10911323128278679,0.6105859225828509,0.03864805941171209,0.3010780546070145,0.24616329809629303,False,False,False
Equation Solving Two or Fewer Steps,2,17311,-10477.0,10,0.8379449074988039,0.03843936315758523,0.3905837860053583,0.14059536049431046,0.5937197320989162,0.03655030197303045,0.316702547935267,0.24138404617993872,False,False,False
Equation Solving Two or Fewer Steps,3,17311,-10477.0,9,0.13179786240439217,0.28653088164742624,0.11576243717888045,0.05495740860213505,0.5894182958291394,0.03938410442521431,0.31163251293494976,0.2422950756505665,False,False,False
Equation Solving Two or Fewer Steps,4,17311,-10475.0,6,0.8137978197024772,0.15860229633879386,0.35244127884446463,0.1743818617907576,0.6173105277612395,0.03924047142655775,0.2953362295071618,0.24793338762710587,False,False,False
Equation Solving More Than Two Steps,0,4772,-2907.0,6,0.46147936225293185,0.3122116705145822,0.04730977034757329,0.19197630639825713,0.606321315174648,0.1507566823650398,0.12111199274371313,0.2674123200647779,False,False,False
Equation Solving More Than Two Steps,1,4772,-2898.0,5,0.2103825610738409,0.05157051906194132,0.12617134036967356,0.10911323128278679,0.45998492208132913,0.100776682263563,0.27666177895596245,0.2078389013698932,False,False,False
Equation Solving More Than Two Steps,2,4772,-2899.0,6,0.8379449074988039,0.03843936315758523,0.3905837860053583,0.14059536049431046,0.47459681555406913,0.08897602210145333,0.29181991732943685,0.20399341367915041,False,False,False
Equation Solving More Than Two Steps,3,4772,-2898.0,8,0.13179786240439217,0.28653088164742624,0.11576243717888045,0.05495740860213505,0.45385442375739926,0.09854364896359118,0.28388487444206434,0.20507643964167763,False,False,False
Equation Solving More Than Two Steps,4,4772,-2898.0,5,0.8137978197024772,0.15860229633879386,0.35244127884446463,0.1743818617907576,0.5083677691752149,0.09587492567723553,0.2627481425944804,0.2170502168500476,False,False,False
Addition and Subtraction Positive Decimals,0,5012,-2856.0,8,0.46147936225293185,0.3122116705145822,0.04730977034757329,0.19197630639825713,0.6239158611495701,0.08732581998010866,0.13891384519779307,0.1973893342758855,False,False,False
Addition and Subtraction Positive Decimals,1,5012,-2857.0,11,0.2103825610738409,0.05157051906194132,0.12617134036967356,0.10911323128278679,0.58861390331194,0.08766384832971817,0.16022962759058973,0.1832326522565653,False,False,False
Addition and Subtraction Positive Decimals,2,5012,-2857.0,8,0.8379449074988039,0.03843936315758523,0.3905837860053583,0.14059536049431046,0.6042799546047875,0.08413517250008624,0.15648338195125852,0.18797821829741682,False,False,False
Addition and Subtraction Positive Decimals,3,5012,-2859.0,10,0.13179786240439217,0.28653088164742624,0.11576243717888045,0.05495740860213505,0.567834776376086,0.08867475132809281,0.17139402938589596,0.17495965753139875,False,False,False
Addition and Subtraction Positive Decimals,4,5012,-2857.0,5,0.8137978197024772,0.15860229633879386,0.35244127884446463,0.1743818617907576,0.6124884308153835,0.08189361992477698,0.1552379791469917,0.19038182279888521,False,False,False
Exponents,0,4183,-1676.0,13,0.46147936225293185,0.3122116705145822,0.04730977034757329,0.19197630639825713,0.6680073863616376,0.207469827879681,0.34325723007917053,0.07998181862747364,False,False,False
Exponents,1,4183,-1673.0,6,0.2103825610738409,0.05157051906194132,0.12617134036967356,0.10911323128278679,0.608681576187551,0.1961458646101677,0.39748875524636496,0.07315958896663152,False,False,False
Exponents,2,4183,-1674.0,10,0.8379449074988039,0.03843936315758523,0.3905837860053583,0.14059536049431046,0.6467128556779422,0.18875606770679468,0.37956687849818327,0.07656367809368884,False,False,False
Exponents,3,4183,-1671.0,7,0.13179786240439217,0.28653088164742624,0.11576243717888045,0.05495740860213505,0.5471155521659947,0.183448442219203,0.4461544576544595,0.06690301164520164,False,False,False
Exponents,4,4183,-1677.0,8,0.8137978197024772,0.15860229633879386,0.35244127884446463,0.1743818617907576,0.6856456242840298,0.2048267999843693,0.33208035233411665,0.08195770932625898,False,False,False
Solving Inequalities,0,1894,-1243.0,10,0.46147936225293185,0.3122116705145822,0.04730977034757329,0.19197630639825713,0.6778924480097821,0.08201430907487618,0.2702788777511724,0.31167701088414784,False,False,False
Solving Inequalities,1,1894,-1242.0,6,0.2103825610738409,0.05157051906194132,0.12617134036967356,0.10911323128278679,0.5184603452527159,0.06823554774878711,0.3580837839120978,0.266161478997938,False,False,False
Solving Inequalities,2,1894,-1242.0,5,0.8379449074988039,0.03843936315758523,0.3905837860053583,0.14059536049431046,0.5110837940054075,0.03932366599800052,0.4087148228531974,0.24552854289340925,False,False,False
Solving Inequalities,3,1894,-1242.0,8,0.13179786240439217,0.28653088164742624,0.11576243717888045,0.05495740860213505,0.5014501951886977,0.06542505815262474,0.3690405873472638,0.2610695474785208,False,False,False
Solving Inequalities,4,1894,-1241.0,4,0.8137978197024772,0.15860229633879386,0.35244127884446463,0.1743818617907576,0.5787019904211982,0.06459571738544118,0.340028405410007,0.27746855934345305,False,False,False
Number Line,0,1895,-1243.0,11,0.46147936225293185,0.3122116705145822,0.04730977034757329,0.19197630639825713,0.6708698645508293,0.0779915946411215,0.27831608314988293,0.3088912473080452,False,False,False
Number Line,1,1895,-1243.0,6,0.2103825610738409,0.05157051906194132,0.12617134036967356,0.10911323128278679,0.5155457778151851,0.06861192106769433,0.3576424829663029,0.2662558586358834,False,False,False
Number Line,2,1895,-1243.0,5,0.8379449074988039,0.03843936315758523,0.3905837860053583,0.14059536049431046,0.5100381872430347,0.03951351861471609,0.4079618759853566,0.24606484352191205,False,False,False
Number Line,3,1895,-1243.0,8,0.13179786240439217,0.28653088164742624,0.11576243717888045,0.05495740860213505,0.49844244811945704,0.06584387500920424,0.3685580573285893,0.261175684954164,False,False,False
Number Line,4,1895,-1242.0,4,0.8137978197024772,0.15860229633879386,0.35244127884446463,0.1743818617907576,0.5772312086904365,0.06477448959438242,0.3394136594971571,0.27780522392077034,False,False,False
Distributive Property,0,18,-5.0,3,0.46147936225293185,0.3122116705145822,0.04730977034757329,0.19197630639825713,0.8030762657012257,0.6429967723757037,0.20308036057095363,0.06634604429051595,False,False,False
Distributive Property,1,18,-5.0,3,0.2103825610738409,0.05157051906194132,0.12617134036967356,0.10911323128278679,0.7366307440463857,0.5740130950836391,0.33419479686803005,0.05431403905012198,False,False,False
Distributive Property,2,18,-6.0,3,0.8379449074988039,0.03843936315758523,0.3905837860053583,0.14059536049431046,0.8779141782062805,0.47115387050850915,0.24136303465110764,0.08350279951038914,False,False,False
Distributive Property,3,18,-5.0,3,0.13179786240439217,0.28653088164742624,0.11576243717888045,0.05495740860213505,0.5041018872378618,0.5844874345758567,0.526720790937646,0.022532849707389422,False,True,False
Distributive Property,4,18,-5.0,4,0.8137978197024772,0.15860229633879386,0.35244127884446463,0.1743818617907576,0.822963007501827,0.6007079577928133,0.3145853967888754,0.07477394526071962,False,False,False
Addition and Subtraction Integers,0,22895,-11475.0,13,0.46147936225293185,0.3122116705145822,0.04730977034757329,0.19197630639825713,0.5437542967158038,0.006014729118309953,0.4384492413685192,0.0785560469039782,False,False,False
Addition and Subtraction Integers,1,22895,-11475.0,10,0.2103825610738409,0.05157051906194132,0.12617134036967356,0.10911323128278679,0.5430760481080269,0.006205847003175691,0.4382153645105419,0.07848802683588568,False,False,False
Addition and Subtraction Integers,2,22895,-11475.0,9,0.8379449074988039,0.03843936315758523,0.3905837860053583,0.14059536049431046,0.5441885012316264,0.006057074954479464,0.4382596999216203,0.0786176287337424,False,False,False
Addition and Subtraction Integers,3,22895,-11475.0,10,0.13179786240439217,0.28653088164742624,0.11576243717888045,0.05495740860213505,0.5402674556790256,0.00633144596987166,0.43861270577817907,0.07813987295617704,False,False,False
Addition and Subtraction Integers,4,22895,-11476.0,9,0.8137978197024772,0.15860229633879386,0.35244127884446463,0.1743818617907576,0.5499994679271377,0.00616757134859051,0.43662840608626796,0.07942688154032723,False,False,False
Congruence,0,587,-194.0,3,0.46147936225293185,0.3122116705145822,0.04730977034757329,0.19197630639825713,0.8671440978404769,0.7559161723070564,0.3325542360093413,0.04503541626044414,False,False,False
Congruence,1,587,-195.0,3,0.2103825610738409,0.05157051906194132,0.12617134036967356,0.10911323128278679,0.6601757133183662,0.4603968623473799,0.7173239711503175,0.03650942056505103,False,True,False
Congruence,2,587,-197.0,3,0.8379449074988039,0.03843936315758523,0.3905837860053583,0.14059536049431046,0.9065597000466968,0.11635437591400427,0.6797239280731733,0.08132879734809079,False,True,False
Congruence,3,587,-196.0,4,0.13179786240439217,0.28653088164742624,0.11576243717888045,0.05495740860213505,0.5442861495867778,0.6138665165606348,0.7370333935171514,0.02461258857315598,False,True,False
Congruence,4,587,-196.0,3,0.8137978197024772,0.15860229633879386,0.35244127884446463,0.1743818617907576,0.8911362072361454,0.35218266518714136,0.6316045596521299,0.07629715276121825,False,True,False
Rounding,0,993,-543.0,4,0.46147936225293185,0.3122116705145822,0.04730977034757329,0.19197630639825713,0.6947806281041073,0.33840627305695886,0.1249040250646529,0.15334731770438553,False,False,False
Rounding,1,993,-542.0,3,0.2103825610738409,0.05157051906194132,0.12617134036967356,0.10911323128278679,0.5705063172638022,0.2554387337070322,0.2984675237445507,0.11004372813015835,False,False,False
Rounding,2,993,-542.0,8,0.8379449074988039,0.03843936315758523,0.3905837860053583,0.14059536049431046,0.6979981679801845,0.22520691952337232,0.2502242193717444,0.14275963210039594,False,False,False
Rounding,3,993,-543.0,5,0.13179786240439217,0.28653088164742624,0.11576243717888045,0.05495740860213505,0.5075210023188867,0.2595206375798294,0.33859689289450556,0.10079544528003966,False,False,False
Rounding,4,993,-542.0,6,0.8137978197024772,0.15860229633879386,0.35244127884446463,0.1743818617907576,0.7051187736804374,0.23551634176151393,0.23222839208305052,0.145818535213331,False,False,False
Multiplication Fractions,0,5547,-3375.0,13,0.46147936225293185,0.3122116705145822,0.04730977034757329,0.19197630639825713,0.6610520172163243,0.14219240724111767,0.25814956443507947,0.22868854295254482,False,False,False
Multiplication Fractions,1,5547,-3373.0,7,0.2103825610738409,0.05157051906194132,0.12617134036967356,0.10911323128278679,0.5343622487578731,0.13438265476644906,0.33449035185564163,0.2011498349934009,False,False,False
Multiplication Fractions,2,5547,-3373.0,10,0.8379449074988039,0.03843936315758523,0.3905837860053583,0.14059536049431046,0.6124267682014126,0.11574159527035331,0.3198438721299811,0.21302400865561164,False,False,False
Multiplication Fractions,3,5547,-3374.0,10,0.13179786240439217,0.28653088164742624,0.11576243717888045,0.05495740860213505,0.5029862655198125,0.1291837995437221,0.35448930857394173,0.19369516055284414,False,False,False
Multiplication Fractions,4,5547,-3374.0,5,0.8137978197024772,0.15860229633879386,0.35244127884446463,0.1743818617907576,0.6508072539685511,0.11878094723505862,0.2948794535416072,0.22209571119336716,False,False,False
Addition and Subtraction Fractions,0,11334,-6075.0,8,0.46147936225293185,0.3122116705145822,0.04730977034757329,0.19197630639825713,0.744403545254812,0.09270818871744693,0.11395864325135935,0.19310155556087732,False,False,False
Addition and Subtraction Fractions,1,11334,-6075.0,13,0.2103825610738409,0.05157051906194132,0.12617134036967356,0.10911323128278679,0.7430988557425244,0.09003736762803324,0.1201369269502666,0.19208501943437759,False,False,False
Addition and Subtraction Fractions,2,11334,-6075.0,10,0.8379449074988039,0.03843936315758523,0.3905837860053583,0.14059536049431046,0.7463855495333572,0.08798579816903034,0.12050925204187231,0.19252699680907523,False,False,False
Addition and Subtraction Fractions,3,11334,-6076.0,13,0.13179786240439217,0.28653088164742624,0.11576243717888045,0.05495740860213505,0.7349824866207374,0.09205966750119003,0.12469092445377922,0.19032383334251132,False,False,False
Addition and Subtraction Fractions,4,11334,-6075.0,9,0.8137978197024772,0.15860229633879386,0.35244127884446463,0.1743818617907576,0.7438059676929593,0.08922310786224279,0.12089764125446542,0.1920925658593731,False,False,False
Addition Whole Numbers,0,4737,-2431.0,10,0.46147936225293185,0.3122116705145822,0.04730977034757329,0.19197630639825713,0.7339006108982427,0.23148037773084879,0.24037084933510047,0.14157407590548526,False,False,False
Addition Whole Numbers,1,4737,-2429.0,4,0.2103825610738409,0.05157051906194132,0.12617134036967356,0.10911323128278679,0.6077010228674784,0.21623028812018746,0.3536025127768823,0.11503349556632594,False,False,False
Addition Whole Numbers,2,4737,-2430.0,10,0.8379449074988039,0.03843936315758523,0.3905837860053583,0.14059536049431046,0.7197860873968932,0.18547960096699528,0.3006507439627585,0.1365732168104578,False,False,False
Addition Whole Numbers,3,4737,-2430.0,8,0.13179786240439217,0.28653088164742624,0.11576243717888045,0.05495740860213505,0.5775687154770371,0.20786543790716408,0.38354714195448525,0.1112420171602608,False,False,False
Addition Whole Numbers,4,4737,-2430.0,8,0.8137978197024772,0.15860229633879386,0.35244127884446463,0.1743818617907576,0.7267663648438761,0.1993040757597643,0.2802244199975845,0.13859212988450764,False,False,False
Ordering Integers,0,3532,-1707.0,7,0.46147936225293185,0.3122116705145822,0.04730977034757329,0.19197630639825713,0.889555234233994,0.03641480704859762,0.3998722686211594,0.14030047278084146,False,False,False
Ordering Integers,1,3532,-1707.0,8,0.2103825610738409,0.05157051906194132,0.12617134036967356,0.10911323128278679,0.863720271124428,0.03892863928982777,0.4275062353257153,0.134484538983594,False,False,False
Ordering Integers,2,3532,-1707.0,3,0.8379449074988039,0.03843936315758523,0.3905837860053583,0.14059536049431046,0.8731785324548733,0.03703294548045923,0.4186086940996867,0.1364362661984564,False,False,False
Ordering Integers,3,3532,-1707.0,12,0.13179786240439217,0.28653088164742624,0.11576243717888045,0.05495740860213505,0.8631993196001352,0.03654410936034054,0.4316802438042606,0.134290510310909,False,False,False
Ordering Integers,4,3532,-1707.0,6,0.8137978197024772,0.15860229633879386,0.35244127884446463,0.1743818617907576,0.8774348425177341,0.03735370380567061,0.4134482295893177,0.13736082725440454,False,False,False
Ordering Positive Decimals,0,7317,-3741.0,14,0.46147936225293185,0.3122116705145822,0.04730977034757329,0.19197630639825713,0.7065208787567179,0.07259826039082765,0.4134301881144443,0.1106014955166331,False,False,False
Ordering Positive Decimals,1,7317,-3741.0,8,0.2103825610738409,0.05157051906194132,0.12617134036967356,0.10911323128278679,0.6931840135501657,0.07812346373380952,0.41332136127225894,0.10830096491622788,False,False,False
Ordering Positive Decimals,2,7317,-3741.0,9,0.8379449074988039,0.03843936315758523,0.3905837860053583,0.14059536049431046,0.7063690139722492,0.06932852299924919,0.41863907217920104,0.10991216449446482,False,False,False
Ordering Positive Decimals,3,7317,-3740.0,9,0.13179786240439217,0.28653088164742624,0.11576243717888045,0.05495740860213505,0.6649061600155685,0.07977113576426695,0.42805518487709177,0.10163798799388277,False,False,False
Ordering Positive Decimals,4,7317,-3741.0,10,0.8137978197024772,0.15860229633879386,0.35244127884446463,0.1743818617907576,0.7068448184867824,0.07253775764233941,0.41331708463190203,0.11067602597973715,False,False,False
"Order of Operations +,-,/,* () positive reals",0,2339,-1390.0,13,0.46147936225293185,0.3122116705145822,0.04730977034757329,0.19197630639825713,0.8974367037885201,0.052110225703341874,0.0991083342153098,0.2512719577843461,False,False,False
"Order of Operations +,-,/,* () positive reals",1,2339,-1391.0,22,0.2103825610738409,0.05157051906194132,0.12617134036967356,0.10911323128278679,0.8896882844307183,0.0503616735900098,0.11591034446583647,0.2476797883619876,False,False,False
"Order of Operations +,-,/,* () positive reals",2,2339,-1390.0,15,0.8379449074988039,0.03843936315758523,0.3905837860053583,0.14059536049431046,0.8989173423670771,0.044601887816515605,0.10513427631830613,0.25186423765424343,False,False,False
"Order of Operations +,-,/,* () positive reals",3,2339,-1390.0,27,0.13179786240439217,0.28653088164742624,0.11576243717888045,0.05495740860213505,0.8973932183894844,0.04713135704587265,0.1049077922315138,0.2512038380356824,False,False,False
"Order of Operations +,-,/,* () positive reals",4,2339,-1390.0,15,0.8137978197024772,0.15860229633879386,0.35244127884446463,0.1743818617907576,0.8976076351448313,0.04708120718050705,0.10457473189692296,0.2512993606231516,False,False,False
Solving for a variable,0,1792,-1103.0,11,0.46147936225293185,0.3122116705145822,0.04730977034757329,0.19197630639825713,0.687638774012794,0.056263793065045274,0.32103810151207557,0.17307099358080183,False,False,False
Solving for a variable,1,1792,-1102.0,5,0.2103825610738409,0.05157051906194132,0.12617134036967356,0.10911323128278679,0.6158088889488446,0.0670432111739979,0.34205512155776313,0.1415617285612132,False,False,False
Solving for a variable,2,1792,-1102.0,5,0.8379449074988039,0.03843936315758523,0.3905837860053583,0.14059536049431046,0.6626393119785241,0.049053263630221375,0.3444056871245159,0.16051055529109579,False,False,False
Solving for a variable,3,1792,-1102.0,7,0.13179786240439217,0.28653088164742624,0.11576243717888045,0.05495740860213505,0.5880733503665359,0.0637648237385451,0.36058841805296804,0.13032640662948894,False,False,False
Solving for a variable,4,1792,-1102.0,6,0.8137978197024772,0.15860229633879386,0.35244127884446463,0.1743818617907576,0.6666481542301902,0.05859778947740355,0.3284430082295611,0.16317620841496655,False,False,False
Surface Area Rectangular Prism,0,1480,-932.0,5,0.46147936225293185,0.3122116705145822,0.04730977034757329,0.19197630639825713,0.4896608003224067,0.2721411866136223,0.07941031325361989,0.2620487255293998,False,False,False
Surface Area Rectangular Prism,1,1480,-935.0,7,0.2103825610738409,0.05157051906194132,0.12617134036967356,0.10911323128278679,0.3824054101426478,0.22649387334920962,0.1818851754526627,0.21710304582891266,False,False,False
Surface Area Rectangular Prism,2,1480,-933.0,10,0.8379449074988039,0.03843936315758523,0.3905837860053583,0.14059536049431046,0.4885262006635963,0.2266245419691303,0.12910175495315762,0.2487689031332303,False,False,False
Surface Area Rectangular Prism,3,1480,-936.0,9,0.13179786240439217,0.28653088164742624,0.11576243717888045,0.05495740860213505,0.36163838913079205,0.22907413602375012,0.18961977568933977,0.21278488851178265,False,False,False
Surface Area Rectangular Prism,4,1480,-933.0,8,0.8137978197024772,0.15860229633879386,0.35244127884446463,0.1743818617907576,0.4928899768338574,0.22810898928336043,0.12501513647592868,0.2504963336209331,False,False,False
Nets of 3D Figures,0,280,-52.0,6,0.46147936225293185,0.3122116705145822,0.04730977034757329,0.19197630639825713,0.9471408528565566,0.16513768615273425,0.6541545508903094,0.026651331696076617,False,True,False
Nets of 3D Figures,1,280,-56.0,3,0.2103825610738409,0.05157051906194132,0.12617134036967356,0.10911323128278679,0.6702841217172136,0.3162187156107129,0.9013292067863481,0.02720753532307133,False,True,False
Nets of 3D Figures,2,280,-52.0,4,0.8379449074988039,0.03843936315758523,0.3905837860053583,0.14059536049431046,0.9227259850698623,0.029703786336629158,0.7502069682892479,0.025775154050971315,False,True,False
Nets of 3D Figures,3,280,-56.0,5,0.13179786240439217,0.28653088164742624,0.11576243717888045,0.05495740860213505,0.5707061752431833,0.40806657905257226,0.9373159658580281,0.041778390253945245,False,True,False
Nets of 3D Figures,4,280,-53.0,3,0.8137978197024772,0.15860229633879386,0.35244127884446463,0.1743818617907576,0.9108679794837097,0.15095132031809289,0.7710711936476108,0.02874698904622034,False,True,False
Calculations with Similar Figures,0,5538,-3329.0,6,0.46147936225293185,0.3122116705145822,0.04730977034757329,0.19197630639825713,0.6813189890380204,0.2359123550640618,0.11743236125244273,0.2671971358515035,False,False,False
Calculations with Similar Figures,1,5538,-3329.0,7,0.2103825610738409,0.05157051906194132,0.12617134036967356,0.10911323128278679,0.6042149530439536,0.1367535826721541,0.29010048643623515,0.247971438238395,False,False,False
Calculations with Similar Figures,2,5538,-3328.0,10,0.8379449074988039,0.03843936315758523,0.3905837860053583,0.14059536049431046,0.6649887964160122,0.10765411336689626,0.2943913318901263,0.25006531242315905,False,False,False
Calculations with Similar Figures,3,5538,-3329.0,11,0.13179786240439217,0.28653088164742624,0.11576243717888045,0.05495740860213505,0.6037669208874601,0.13558484852208344,0.2921035213135324,0.24775585996569016,False,False,False
Calculations with Similar Figures,4,5538,-3328.0,5,0.8137978197024772,0.15860229633879386,0.35244127884446463,0.1743818617907576,0.6626936933199861,0.10978685581134494,0.29226677180165056,0.2501043296221135,False,False,False
Probability of a Single Event,0,7029,-3533.0,8,0.46147936225293185,0.3122116705145822,0.04730977034757329,0.19197630639825713,0.8374333691645409,0.15374569758297965,0.1215058540541897,0.1699341663394738,False,False,False
Probability of a Single Event,1,7029,-3532.0,15,0.2103825610738409,0.05157051906194132,0.12617134036967356,0.10911323128278679,0.8471481085543878,0.13200355017206838,0.1389264327500031,0.17028619588950264,False,False,False
Probability of a Single Event,2,7029,-3533.0,11,0.8379449074988039,0.03843936315758523,0.3905837860053583,0.14059536049431046,0.8500513655560059,0.11888092155561016,0.1562476424371645,0.16968398318689287,False,False,False
Probability of a Single Event,3,7029,-3534.0,16,0.13179786240439217,0.28653088164742624,0.11576243717888045,0.05495740860213505,0.8328583008119113,0.13585209114495703,0.1613951121822111,0.16691879191907152,False,False,False
Probability of a Single Event,4,7029,-3533.0,9,0.8137978197024772,0.15860229633879386,0.35244127884446463,0.1743818617907576,0.8423415081156768,0.128653393046202,0.1549606460769611,0.1686391021662264,False,False,False
Fraction Of,0,607,-243.0,6,0.46147936225293185,0.3122116705145822,0.04730977034757329,0.19197630639825713,0.8913021232742697,0.32491866051034896,0.13223236932979263,0.06962276354838007,False,False,False
Fraction Of,1,607,-251.0,6,0.2103825610738409,0.05157051906194132,0.12617134036967356,0.10911323128278679,0.7486816954848573,0.2659001645263836,0.4469640669547234,0.04307105288453081,False,False,False
Fraction Of,2,607,-243.0,9,0.8379449074988039,0.03843936315758523,0.3905837860053583,0.14059536049431046,0.9253993162514339,0.21532661155978755,0.15357505633790178,0.0876449015738455,False,False,False
Fraction Of,3,607,-253.0,8,0.13179786240439217,0.28653088164742624,0.11576243717888045,0.05495740860213505,0.6985492585978873,0.2832685974287321,0.48381390858160533,0.03188933548456835,False,False,False
Fraction Of,4,607,-244.0,6,0.8137978197024772,0.15860229633879386,0.35244127884446463,0.1743818617907576,0.9023425164263876,0.23084104783067716,0.20874420297636376,0.0795714852139186,False,False,False
Mode,0,1926,-631.0,5,0.46147936225293185,0.3122116705145822,0.04730977034757329,0.19197630639825713,0.855330579844999,0.40181333949351256,0.08459867319104564,0.05561342955351279,False,False,False
Mode,1,1926,-632.0,11,0.2103825610738409,0.05157051906194132,0.12617134036967356,0.10911323128278679,0.8508042975269342,0.38484615039089565,0.12242354141706542,0.05485746320560179,False,False,False
Mode,2,1926,-631.0,8,0.8379449074988039,0.03843936315758523,0.3905837860053583,0.14059536049431046,0.922197939596642,0.1846658789640829,0.0610444188245108,0.07417202138815343,False,False,False
Mode,3,1926,-632.0,17,0.13179786240439217,0.28653088164742624,0.11576243717888045,0.05495740860213505,0.850070200450139,0.3874600726184318,0.12147898335322109,0.05465225875179606,False,False,False
Mode,4,1926,-631.0,7,0.8137978197024772,0.15860229633879386,0.35244127884446463,0.1743818617907576,0.8912863761950157,0.28490045639700295,0.0931154693052612,0.0654223225642996,False,False,False
Conversion of Fraction Decimals Percents,0,20990,-12611.0,15,0.46147936225293185,0.3122116705145822,0.04730977034757329,0.19197630639825713,0.6159484118993708,0.01209189221922456,0.4056729364288282,0.1876879549486228,False,False,False
Conversion of Fraction Decimals Percents,1,20990,-12611.0,9,0.2103825610738409,0.05157051906194132,0.12617134036967356,0.10911323128278679,0.6056202457983759,0.013243087653437804,0.4064208887081977,0.18576767009124512,False,False,False
Conversion of Fraction Decimals Percents,2,20990,-12611.0,5,0.8379449074988039,0.03843936315758523,0.3905837860053583,0.14059536049431046,0.6060644009467254,0.01343149140076708,0.40584217884304796,0.1859755684524104,False,False,False
Conversion of Fraction Decimals Percents,3,20990,-12611.0,10,0.13179786240439217,0.28653088164742624,0.11576243717888045,0.05495740860213505,0.5936621827519855,0.013674525225045028,0.4094311404666397,0.1829802342335242,False,False,False
Conversion of Fraction Decimals Percents,4,20990,-12611.0,10,0.8137978197024772,0.15860229633879386,0.35244127884446463,0.1743818617907576,0.6137654569423068,0.012408025227541902,0.40565902142249954,0.18731986562083597,False,False,False
Absolute Value,0,7430,-3725.0,14,0.46147936225293185,0.3122116705145822,0.04730977034757329,0.19197630639825713,0.6047053111599229,0.11916465173154014,0.3950667380063443,0.09922318895804935,False,False,False
Absolute Value,1,7430,-3724.0,9,0.2103825610738409,0.05157051906194132,0.12617134036967356,0.10911323128278679,0.5914050908862778,0.1219472673268692,0.3987593215499778,0.09690071179093306,False,False,False
Absolute Value,2,7430,-3725.0,11,0.8379449074988039,0.03843936315758523,0.3905837860053583,0.14059536049431046,0.6124238024627012,0.11252213917486896,0.39977724398623465,0.09956291668787967,False,False,False
Absolute Value,3,7430,-3724.0,9,0.13179786240439217,0.28653088164742624,0.11576243717888045,0.05495740860213505,0.5702560717298892,0.12497957114312833,0.40634251992909853,0.09310358880433657,False,False,False
Absolute Value,4,7430,-3725.0,11,0.8137978197024772,0.15860229633879386,0.35244127884446463,0.1743818617907576,0.6094729781581019,0.11639370244937736,0.39613885776408736,0.09970186071619168,False,False,False
Subtraction Whole Numbers,0,5801,-3071.0,7,0.46147936225293185,0.3122116705145822,0.04730977034757329,0.19197630639825713,0.7365825354616269,0.12888873695691747,0.12883969441021942,0.17756042700192917,False,False,False
Subtraction Whole Numbers,1,5801,-3072.0,12,0.2103825610738409,0.05157051906194132,0.12617134036967356,0.10911323128278679,0.7171628039103314,0.122582354046259,0.15615543025385337,0.17293819618798817,False,False,False
Subtraction Whole Numbers,2,5801,-3071.0,8,0.8379449074988039,0.03843936315758523,0.3905837860053583,0.14059536049431046,0.7459369648198998,0.10790801819444062,0.14444237680559027,0.17834632632145733,False,False,False
Subtraction Whole Numbers,3,5801,-3071.0,16,0.13179786240439217,0.28653088164742624,0.11576243717888045,0.05495740860213505,0.7263874345028668,0.12081344152208912,0.14893309701843388,0.174821046055518,False,False,False
Subtraction Whole Numbers,4,5801,-3071.0,6,0.8137978197024772,0.15860229633879386,0.35244127884446463,0.1743818617907576,0.7347518041738091,0.1121940495152493,0.15097152365229183,0.17609666661168605,False,False,False
Ordering Fractions,0,8539,-3933.0,16,0.46147936225293185,0.3122116705145822,0.04730977034757329,0.19197630639825713,0.6466132964763972,0.06510518503896665,0.5017346848718856,0.07214194905963361,False,True,False
Ordering Fractions,1,8539,-3933.0,13,0.2103825610738409,0.05157051906194132,0.12617134036967356,0.10911323128278679,0.6440848435108129,0.0649983158035411,0.5032604898814076,0.07154893646501641,False,True,False
Ordering Fractions,2,8539,-3933.0,11,0.8379449074988039,0.03843936315758523,0.3905837860053583,0.14059536049431046,0.6486104824834596,0.06430197191139106,0.5019485824539397,0.07237699538746498,False,True,False
Ordering Fractions,3,8539,-3933.0,12,0.13179786240439217,0.28653088164742624,0.11576243717888045,0.05495740860213505,0.6426551939209081,0.06566812111512821,0.5029580224050582,0.07141355056709339,False,True,False
Ordering Fractions,4,8539,-3933.0,13,0.8137978197024772,0.15860229633879386,0.35244127884446463,0.1743818617907576,0.6465222855518605,0.06499018779123207,0.5019675068781931,0.0720905486204513,False,True,False
D.4.8-understanding-concept-of-probabilities,0,456,-196.0,4,0.46147936225293185,0.3122116705145822,0.04730977034757329,0.19197630639825713,0.8696154472984229,0.8764963698303339,0.36415702314965825,0.12063169059678287,False,False,False
D.4.8-understanding-concept-of-probabilities,1,456,-196.0,5,0.2103825610738409,0.05157051906194132,0.12617134036967356,0.10911323128278679,0.7056743232097693,0.3965709345132266,0.6903773089190276,0.10989419769872912,False,True,False
D.4.8-understanding-concept-of-probabilities,2,456,-195.0,4,0.8379449074988039,0.03843936315758523,0.3905837860053583,0.14059536049431046,0.908544861693033,0.1128557155293369,0.7036015263599098,0.13752969383152058,False,True,False
D.4.8-understanding-concept-of-probabilities,3,456,-196.0,6,0.13179786240439217,0.28653088164742624,0.11576243717888045,0.05495740860213505,0.5703621307208343,0.5294698052634056,0.7340424156150878,0.11145145180851318,False,True,False
D.4.8-understanding-concept-of-probabilities,4,456,-196.0,3,0.8137978197024772,0.15860229633879386,0.35244127884446463,0.1743818617907576,0.8909340163153138,0.300703129711672,0.6282734688539725,0.1305380963412243,False,True,False
Complementary and Supplementary Angles,0,1526,-849.0,7,0.46147936225293185,0.3122116705145822,0.04730977034757329,0.19197630639825713,0.8274357915025627,0.15150135824547703,0.10530024495199924,0.17134680302208322,False,False,False
Complementary and Supplementary Angles,1,1526,-851.0,13,0.2103825610738409,0.05157051906194132,0.12617134036967356,0.10911323128278679,0.8038292549865509,0.1351721412771905,0.16352945755727785,0.15934726758277315,False,False,False
Complementary and Supplementary Angles,2,1526,-851.0,8,0.8379449074988039,0.03843936315758523,0.3905837860053583,0.14059536049431046,0.8134385722753439,0.12018006723976174,0.16847075451020135,0.16296690592090254,False,False,False
Complementary and Supplementary Angles,3,1526,-851.0,16,0.13179786240439217,0.28653088164742624,0.11576243717888045,0.05495740860213505,0.80191628807044,0.13455007290966234,0.16720997811736163,0.15849567468129352,False,False,False
Complementary and Supplementary Angles,4,1526,-850.0,7,0.8137978197024772,0.15860229633879386,0.35244127884446463,0.1743818617907576,0.8152750364236718,0.13182438698049254,0.1503597057538647,0.16426709814990023,False,False,False
Circumference ,0,1769,-1066.0,8,0.46147936225293185,0.3122116705145822,0.04730977034757329,0.19197630639825713,0.8834350878430306,0.1230575441884732,0.16380640090207405,0.2638109557402387,False,False,False
Circumference ,1,1769,-1066.0,13,0.2103825610738409,0.05157051906194132,0.12617134036967356,0.10911323128278679,0.8844350947861328,0.11803267996571488,0.1695081931633065,0.26362256266669887,False,False,False
Circumference ,2,1769,-1065.0,11,0.8379449074988039,0.03843936315758523,0.3905837860053583,0.14059536049431046,0.897220849467158,0.10610661586583,0.15737234701544123,0.26612707060117546,False,False,False
Circumference ,3,1769,-1066.0,19,0.13179786240439217,0.28653088164742624,0.11576243717888045,0.05495740860213505,0.8843746113467176,0.11780675589815152,0.17002461275304998,0.26358699353384013,False,False,False
Circumference ,4,1769,-1066.0,9,0.8137978197024772,0.15860229633879386,0.35244127884446463,0.1743818617907576,0.8823170766241871,0.1183793867240274,0.17396127904353625,0.26309837949248915,False,False,False
Area Circle,0,1144,-693.0,6,0.46147936225293185,0.3122116705145822,0.04730977034757329,0.19197630639825713,0.8039043377849971,0.3158332781531919,0.10443647068497189,0.24111388504771075,False,False,False
Area Circle,1,1144,-698.0,7,0.2103825610738409,0.05157051906194132,0.12617134036967356,0.10911323128278679,0.6941823200420575,0.2513141287032583,0.311302560036475,0.21900646253964084,False,False,False
Area Circle,2,1144,-692.0,10,0.8379449074988039,0.03843936315758523,0.3905837860053583,0.14059536049431046,0.8667441179299373,0.18292639687723844,0.17534667872129073,0.2526216770014727,False,False,False
Area Circle,3,1144,-700.0,10,0.13179786240439217,0.28653088164742624,0.11576243717888045,0.05495740860213505,0.6457168548542357,0.24625801353555515,0.3580744925890104,0.213613914826775,False,False,False
Area Circle,4,1144,-694.0,6,0.8137978197024772,0.15860229633879386,0.35244127884446463,0.1743818617907576,0.8168972218889022,0.2082919241808597,0.22780556692389245,0.24138149030492015,False,False,False
Unit Conversion Within a System,0,1477,-994.0,6,0.46147936225293185,0.3122116705145822,0.04730977034757329,0.19197630639825713,0.6659846886887256,0.2219919441098864,0.15774901419976464,0.3256807503799271,False,False,False
Unit Conversion Within a System,1,1477,-999.0,5,0.2103825610738409,0.05157051906194132,0.12617134036967356,0.10911323128278679,0.42591452572412575,0.15354229967120703,0.314010543006397,0.24189711190410051,False,False,False
Unit Conversion Within a System,2,1477,-996.0,7,0.8379449074988039,0.03843936315758523,0.3905837860053583,0.14059536049431046,0.6856850666385318,0.07620005664261932,0.2970422606832665,0.3211592862863235,False,False,False
Unit Conversion Within a System,3,1477,-1000.0,7,0.13179786240439217,0.28653088164742624,0.11576243717888045,0.05495740860213505,0.3769716722738556,0.1533719690524714,0.33444226711031605,0.2409221350819217,False,False,False
Unit Conversion Within a System,4,1477,-994.0,5,0.8137978197024772,0.15860229633879386,0.35244127884446463,0.1743818617907576,0.659956132531604,0.11949387273064477,0.25869113885907785,0.308401803655995,False,False,False
Unit Rate,0,3315,-2194.0,9,0.46147936225293185,0.3122116705145822,0.04730977034757329,0.19197630639825713,0.6102953822619854,0.08430053969281326,0.18209599290442918,0.3553256115460029,False,False,False
Unit Rate,1,3315,-2202.0,11,0.2103825610738409,0.05157051906194132,0.12617134036967356,0.10911323128278679,0.42069874326263834,0.08360840783753404,0.2523666365105934,0.2813270520519667,False,False,False
Unit Rate,2,3315,-2196.0,9,0.8379449074988039,0.03843936315758523,0.3905837860053583,0.14059536049431046,0.5653891340118096,0.07032727973741933,0.21886106290791513,0.33337248940442693,False,False,False
Unit Rate,3,3315,-2202.0,16,0.13179786240439217,0.28653088164742624,0.11576243717888045,0.05495740860213505,0.4250751234949799,0.08288412411097601,0.2519097239318914,0.2829570990416395,False,False,False
Unit Rate,4,3315,-2196.0,5,0.8137978197024772,0.15860229633879386,0.35244127884446463,0.1743818617907576,0.5541366564944891,0.0741503820675258,0.21695621258716288,0.3271860237324147,False,False,False
Multiplication Whole Numbers,0,110,-73.0,4,0.46147936225293185,0.3122116705145822,0.04730977034757329,0.19197630639825713,0.5477018784601316,0.1810778006540423,0.08604126973206885,0.32338565390950885,False,False,False
Multiplication Whole Numbers,1,110,-74.0,3,0.2103825610738409,0.05157051906194132,0.12617134036967356,0.10911323128278679,0.3463283833664775,0.11270317158159225,0.22951770046670358,0.25836065489450716,False,False,False
Multiplication Whole Numbers,2,110,-72.0,3,0.8379449074988039,0.03843936315758523,0.3905837860053583,0.14059536049431046,0.6091008935490516,0.019049697467266792,0.16251529188096078,0.36711980040182046,False,False,False
Multiplication Whole Numbers,3,110,-74.0,5,0.13179786240439217,0.28653088164742624,0.11576243717888045,0.05495740860213505,0.30995599105274746,0.14745429688196543,0.24887551536758745,0.2851030968823394,False,False,False
Multiplication Whole Numbers,4,110,-72.0,3,0.8137978197024772,0.15860229633879386,0.35244127884446463,0.1743818617907576,0.6179125165574784,0.06527941832159032,0.13536339871943492,0.36826277477458247,False,False,False
Multiplication and Division Positive Decimals,0,1970,-910.0,8,0.46147936225293185,0.3122116705145822,0.04730977034757329,0.19197630639825713,0.8064397458177759,0.10378729591834626,0.30262090576351497,0.09353769718679808,False,False,False
Multiplication and Division Positive Decimals,1,1970,-910.0,5,0.2103825610738409,0.05157051906194132,0.12617134036967356,0.10911323128278679,0.7666014248472003,0.11712858762009337,0.3277231019751761,0.08279400004575288,False,False,False
Multiplication and Division Positive Decimals,2,1970,-910.0,6,0.8379449074988039,0.03843936315758523,0.3905837860053583,0.14059536049431046,0.803350674659676,0.09508520998743311,0.3240271674467474,0.09092019290311548,False,False,False
Multiplication and Division Positive Decimals,3,1970,-910.0,8,0.13179786240439217,0.28653088164742624,0.11576243717888045,0.05495740860213505,0.7615807126412457,0.11006067561564666,0.3469527896256516,0.0795496445662293,False,False,False
Multiplication and Division Positive Decimals,4,1970,-910.0,5,0.8137978197024772,0.15860229633879386,0.35244127884446463,0.1743818617907576,0.804555025431974,0.10138700511294374,0.30998919922427803,0.09250239223861284,False,False,False
Division Fractions,0,4029,-2272.0,7,0.46147936225293185,0.3122116705145822,0.04730977034757329,0.19197630639825713,0.6817578354572812,0.1981037213811878,0.12400038367263633,0.18278387923055894,False,False,False
Division Fractions,1,4029,-2275.0,8,0.2103825610738409,0.05157051906194132,0.12617134036967356,0.10911323128278679,0.6001525307154815,0.18336170435667098,0.21265346508449745,0.15729668422476514,False,False,False
Division Fractions,2,4029,-2272.0,10,0.8379449074988039,0.03843936315758523,0.3905837860053583,0.14059536049431046,0.6626971578441404,0.17826056688227432,0.17024698142008352,0.17382269491458696,False,False,False
Division Fractions,3,4029,-2274.0,13,0.13179786240439217,0.28653088164742624,0.11576243717888045,0.05495740860213505,0.6125529111479284,0.18378808583223494,0.2028493493580335,0.1606908883778676,False,False,False
Division Fractions,4,4029,-2272.0,7,0.8137978197024772,0.15860229633879386,0.35244127884446463,0.1743818617907576,0.6698490686467008,0.1751958447361103,0.16856203359064512,0.17542976792874146,False,False,False
Divisibility Rules,0,2809,-1663.0,10,0.46147936225293185,0.3122116705145822,0.04730977034757329,0.19197630639825713,0.3262652901236,0.181544556130008,0.20580612892716083,0.2130829581338441,False,False,False
Divisibility Rules,1,2809,-1662.0,5,0.2103825610738409,0.05157051906194132,0.12617134036967356,0.10911323128278679,0.28468543811313035,0.17546740416999757,0.23095475937863083,0.203923372581872,False,False,False
Divisibility Rules,2,2809,-1663.0,8,0.8379449074988039,0.03843936315758523,0.3905837860053583,0.14059536049431046,0.3311546127455291,0.16900775091446543,0.22051056574085323,0.2098170205940021,False,False,False
Divisibility Rules,3,2809,-1663.0,5,0.13179786240439217,0.28653088164742624,0.11576243717888045,0.05495740860213505,0.22432316717965628,0.18482364651604946,0.24474055890770174,0.19823281504234325,False,False,False
Divisibility Rules,4,2809,-1663.0,8,0.8137978197024772,0.15860229633879386,0.35244127884446463,0.1743818617907576,0.3325081915819296,0.17442117349709121,0.21238721063128635,0.21178105638222003,False,False,False
Least Common Multiple,0,3256,-1961.0,5,0.46147936225293185,0.3122116705145822,0.04730977034757329,0.19197630639825713,0.49582336386741105,0.3071854635760038,0.09970863520036848,0.24141783417573773,False,False,False
Least Common Multiple,1,3256,-1963.0,8,0.2103825610738409,0.05157051906194132,0.12617134036967356,0.10911323128278679,0.4403779918910611,0.2747181074519943,0.17172680381048405,0.22820571008830748,False,False,False
Least Common Multiple,2,3256,-1961.0,13,0.8379449074988039,0.03843936315758523,0.3905837860053583,0.14059536049431046,0.5225788541021295,0.2724352107248257,0.1266003952825197,0.24061555641170496,False,False,False
Least Common Multiple,3,3256,-1964.0,10,0.13179786240439217,0.28653088164742624,0.11576243717888045,0.05495740860213505,0.4068471910152375,0.28176280112667007,0.18225739032022456,0.2249016847714843,False,False,False
Least Common Multiple,4,3256,-1962.0,9,0.8137978197024772,0.15860229633879386,0.35244127884446463,0.1743818617907576,0.5309249082717484,0.260410564292363,0.1368082418226751,0.240020498357658,False,False,False
Ordering Real Numbers,0,1525,-857.0,7,0.46147936225293185,0.3122116705145822,0.04730977034757329,0.19197630639825713,0.6925505752964517,0.08826446352364734,0.23207749294837687,0.1764191526550863,False,False,False
Ordering Real Numbers,1,1525,-858.0,6,0.2103825610738409,0.05157051906194132,0.12617134036967356,0.10911323128278679,0.6446565818756413,0.10099238620318508,0.24852793095639258,0.16665215324926916,False,False,False
Ordering Real Numbers,2,1525,-857.0,5,0.8379449074988039,0.03843936315758523,0.3905837860053583,0.14059536049431046,0.732655134545577,0.06594604598775265,0.23609887945970795,0.1828710153787928,False,False,False
Ordering Real Numbers,3,1525,-858.0,9,0.13179786240439217,0.28653088164742624,0.11576243717888045,0.05495740860213505,0.6460114900566194,0.09955307923476915,0.24998860075736426,0.16666595422984354,False,False,False
Ordering Real Numbers,4,1525,-857.0,3,0.8137978197024772,0.15860229633879386,0.35244127884446463,0.1743818617907576,0.7060264753858315,0.08120381062151914,0.23726542055050856,0.17947648746466788,False,False,False
Square Root,0,5670,-2791.0,7,0.46147936225293185,0.3122116705145822,0.04730977034757329,0.19197630639825713,0.8041407493451449,0.04647782595931562,0.32703324120943755,0.15820689666257742,False,False,False
Square Root,1,5670,-2791.0,6,0.2103825610738409,0.05157051906194132,0.12617134036967356,0.10911323128278679,0.7885425945643312,0.04959861859164081,0.3368869242301876,0.15618189634988,False,False,False
Square Root,2,5670,-2791.0,4,0.8379449074988039,0.03843936315758523,0.3905837860053583,0.14059536049431046,0.7991693514252936,0.041867218330017615,0.3452745832971225,0.15659576819778437,False,False,False
Square Root,3,5670,-2791.0,8,0.13179786240439217,0.28653088164742624,0.11576243717888045,0.05495740860213505,0.7873334788335549,0.04844697526963651,0.34134187967092916,0.1557812382618983,False,False,False
Square Root,4,5670,-2791.0,5,0.8137978197024772,0.15860229633879386,0.35244127884446463,0.1743818617907576,0.7970982270017762,0.04786443032371518,0.33162489878910173,0.15726251862471297,False,False,False
Order of Operations All,0,3338,-2107.0,9,0.46147936225293185,0.3122116705145822,0.04730977034757329,0.19197630639825713,0.6288030610777795,0.17836213097723647,0.205263130615279,0.24171304819393552,False,False,False
Order of Operations All,1,3338,-2108.0,6,0.2103825610738409,0.05157051906194132,0.12617134036967356,0.10911323128278679,0.4924929157810593,0.16297911421758965,0.2904452163191016,0.20635774340676624,False,False,False
Order of Operations All,2,3338,-2106.0,10,0.8379449074988039,0.03843936315758523,0.3905837860053583,0.14059536049431046,0.5805862560042929,0.15698641626547777,0.25479766471614723,0.22688944595372632,False,False,False
Order of Operations All,3,3338,-2109.0,8,0.13179786240439217,0.28653088164742624,0.11576243717888045,0.05495740860213505,0.4685679393309404,0.16340221106270592,0.302624192408103,0.2030149004163078,False,False,False
Order of Operations All,4,3338,-2107.0,6,0.8137978197024772,0.15860229633879386,0.35244127884446463,0.1743818617907576,0.6125052299869994,0.15591297711826166,0.23882633700057107,0.2348065450872165,False,False,False
Prime Number,0,646,-308.0,4,0.46147936225293185,0.3122116705145822,0.04730977034757329,0.19197630639825713,0.5865755731265005,0.6895261027671278,0.10094954907239267,0.11761407911938522,False,False,False
Prime Number,1,646,-307.0,4,0.2103825610738409,0.05157051906194132,0.12617134036967356,0.10911323128278679,0.4323990099179545,0.5481140863951814,0.328009311714311,0.10209212951665794,False,False,False
Prime Number,2,646,-307.0,10,0.8379449074988039,0.03843936315758523,0.3905837860053583,0.14059536049431046,0.5003266957864764,0.6121959231143834,0.24812264201107412,0.11115449396347162,False,False,False
Prime Number,3,646,-306.0,4,0.13179786240439217,0.28653088164742624,0.11576243717888045,0.05495740860213505,0.3330736953093587,0.5531483437742128,0.37438029653695615,0.09440238990131271,False,False,False
Prime Number,4,646,-307.0,8,0.8137978197024772,0.15860229633879386,0.35244127884446463,0.1743818617907576,0.5209828122051571,0.6369626317584747,0.21224428170092252,0.1127618204267818,False,False,False
Estimation,0,1602,-795.0,8,0.46147936225293185,0.3122116705145822,0.04730977034757329,0.19197630639825713,0.7836164981408273,0.23612788066256984,0.2877500619485772,0.15719203266839085,False,False,False
Estimation,1,1602,-793.0,5,0.2103825610738409,0.05157051906194132,0.12617134036967356,0.10911323128278679,0.698078819629776,0.2011405442295745,0.3974903791369918,0.13988991086327687,False,False,False
Estimation,2,1602,-793.0,7,0.8379449074988039,0.03843936315758523,0.3905837860053583,0.14059536049431046,0.7524827872204175,0.14714787533246365,0.408816521393055,0.14219781800463982,False,False,False
Estimation,3,1602,-793.0,8,0.13179786240439217,0.28653088164742624,0.11576243717888045,0.05495740860213505,0.6165844506651367,0.19888120671883336,0.4616638146761848,0.13040499086618332,False,False,False
Estimation,4,1602,-794.0,4,0.8137978197024772,0.15860229633879386,0.35244127884446463,0.1743818617907576,0.7772509866932471,0.17279195140992606,0.36200403408144743,0.14991772286640873,False,False,False
Scientific Notation,0,1888,-930.0,9,0.46147936225293185,0.3122116705145822,0.04730977034757329,0.19197630639825713,0.6964072643093454,0.18689936402426727,0.23461564885966035,0.12595510659891443,False,False,False
Scientific Notation,1,1888,-928.0,5,0.2103825610738409,0.05157051906194132,0.12617134036967356,0.10911323128278679,0.6371465311058623,0.18426048093378414,0.2911538417082358,0.10951763044938208,False,False,False
Scientific Notation,2,1888,-929.0,7,0.8379449074988039,0.03843936315758523,0.3905837860053583,0.14059536049431046,0.6921584094160319,0.15562319518937492,0.28661211916738044,0.11762348568088046,False,False,False
Scientific Notation,3,1888,-928.0,6,0.13179786240439217,0.28653088164742624,0.11576243717888045,0.05495740860213505,0.5763382846451856,0.1859060964665768,0.3357480705015623,0.09514241562311838,False,False,False
Scientific Notation,4,1888,-929.0,6,0.8137978197024772,0.15860229633879386,0.35244127884446463,0.1743818617907576,0.6977333268092978,0.1649404433015438,0.26637140786967983,0.12134151500912754,False,False,False
Pythagorean Theorem,0,6611,-4261.0,13,0.46147936225293185,0.3122116705145822,0.04730977034757329,0.19197630639825713,0.6898496141460254,0.024233161293390995,0.3907575710097927,0.29819075520288446,False,False,False
Pythagorean Theorem,1,6611,-4260.0,8,0.2103825610738409,0.05157051906194132,0.12617134036967356,0.10911323128278679,0.643866341462779,0.0252290440787967,0.4067291499296314,0.2910578249993323,False,False,False
Pythagorean Theorem,2,6611,-4262.0,5,0.8379449074988039,0.03843936315758523,0.3905837860053583,0.14059536049431046,0.5845709721627054,0.021395366209255987,0.43894913087853643,0.2782866136466328,False,False,False
Pythagorean Theorem,3,6611,-4261.0,8,0.13179786240439217,0.28653088164742624,0.11576243717888045,0.05495740860213505,0.614524548956604,0.026941294320858216,0.4135749851307881,0.28762329180491863,False,False,False
Pythagorean Theorem,4,6611,-4261.0,5,0.8137978197024772,0.15860229633879386,0.35244127884446463,0.1743818617907576,0.6470946761444905,0.027534049933070685,0.39896057667128176,0.29320382873409306,False,False,False
Midpoint,0,32,-18.0,4,0.46147936225293185,0.3122116705145822,0.04730977034757329,0.19197630639825713,0.6953966484829044,0.0003864291637181007,0.08634821250590495,0.040135112008619155,False,False,True
Midpoint,1,32,-19.0,3,0.2103825610738409,0.05157051906194132,0.12617134036967356,0.10911323128278679,0.48103036673428173,0.00020893161130006833,0.3844148137078148,0.012887496588968898,False,False,True
Midpoint,2,32,-19.0,3,0.8379449074988039,0.03843936315758523,0.3905837860053583,0.14059536049431046,0.776291758669282,0.0022897081043860863,0.16981724631148587,0.1723838244648825,False,False,False
Midpoint,3,32,-19.0,3,0.13179786240439217,0.28653088164742624,0.11576243717888045,0.05495740860213505,0.4068167759765296,0.0004641122908403364,0.4485221568610613,0.006880575417384046,False,False,True
Midpoint,4,32,-19.0,3,0.8137978197024772,0.15860229633879386,0.35244127884446463,0.1743818617907576,0.7745185291496975,0.013369861858423345,0.192307314721729,0.18060162537008917,False,False,False
Scatter Plot,0,1859,-645.0,7,0.46147936225293185,0.3122116705145822,0.04730977034757329,0.19197630639825713,0.750498430988127,0.4458611027485518,0.226038324410404,0.060372792604322954,False,False,False
Scatter Plot,1,1859,-643.0,4,0.2103825610738409,0.05157051906194132,0.12617134036967356,0.10911323128278679,0.7034971980472293,0.40933721622159674,0.3310686104005592,0.05464161189321566,False,False,False
Scatter Plot,2,1859,-644.0,12,0.8379449074988039,0.03843936315758523,0.3905837860053583,0.14059536049431046,0.7444684362863838,0.4208152334438538,0.2654293304487922,0.05962047248593089,False,False,False
Scatter Plot,3,1859,-644.0,5,0.13179786240439217,0.28653088164742624,0.11576243717888045,0.05495740860213505,0.5888246666490523,0.43714024345323926,0.4225737786704006,0.045069692277934933,False,False,False
Scatter Plot,4,1859,-644.0,9,0.8137978197024772,0.15860229633879386,0.35244127884446463,0.1743818617907576,0.7468655080077943,0.41589252781880054,0.2682595859213269,0.059985162273960224,False,False,False
Pattern Finding ,0,5284,-2746.0,6,0.46147936225293185,0.3122116705145822,0.04730977034757329,0.19197630639825713,0.5855467971658894,0.05518214172966862,0.11221861030225334,0.1937708299248467,False,False,False
Pattern Finding ,1,5284,-2746.0,9,0.2103825610738409,0.05157051906194132,0.12617134036967356,0.10911323128278679,0.5825837376462948,0.0552091714825006,0.11445343140265497,0.19319196307748238,False,False,False
Pattern Finding ,2,5284,-2746.0,6,0.8379449074988039,0.03843936315758523,0.3905837860053583,0.14059536049431046,0.596557058590368,0.050680804050130805,0.11374022235758226,0.19476922775019415,False,False,False
Pattern Finding ,3,5284,-2747.0,9,0.13179786240439217,0.28653088164742624,0.11576243717888045,0.05495740860213505,0.5701760181421451,0.05802395807798982,0.11783920809699037,0.1915181131053363,False,False,False
Pattern Finding ,4,5284,-2746.0,5,0.8137978197024772,0.15860229633879386,0.35244127884446463,0.1743818617907576,0.5906486316301083,0.05225290926814896,0.11509080823504031,0.19397235350127312,False,False,False
Scale Factor,0,288,-174.0,4,0.46147936225293185,0.3122116705145822,0.04730977034757329,0.19197630639825713,0.5462970494594163,0.5886001792867765,0.09693055266950151,0.20205825859878979,False,False,False
Scale Factor,1,288,-175.0,4,0.2103825610738409,0.05157051906194132,0.12617134036967356,0.10911323128278679,0.3944931204191106,0.42841516049503575,0.28750623140500736,0.16977303195384988,False,False,False
Scale Factor,2,288,-174.0,12,0.8379449074988039,0.03843936315758523,0.3905837860053583,0.14059536049431046,0.5324567305490489,0.5453768711328115,0.17268375844671838,0.21056425327623463,False,False,False
Scale Factor,3,288,-175.0,4,0.13179786240439217,0.28653088164742624,0.11576243717888045,0.05495740860213505,0.3095049666352347,0.45497488451066553,0.3063798201909088,0.1581845405957615,False,False,False
Scale Factor,4,288,-175.0,7,0.8137978197024772,0.15860229633879386,0.35244127884446463,0.1743818617907576,0.5803768228487199,0.5041717800216137,0.1794615671569013,0.2211747939991401,False,False,False
Interpreting Coordinate Graphs ,0,33,-22.0,3,0.46147936225293185,0.3122116705145822,0.04730977034757329,0.19197630639825713,0.5536007289232963,1.0,0.07380488467319228,0.12896597992320638,False,False,True
Interpreting Coordinate Graphs ,1,33,-22.0,3,0.2103825610738409,0.05157051906194132,0.12617134036967356,0.10911323128278679,0.35197050290956006,1.0,0.2759013682670568,0.044353752810704646,False,False,True
Interpreting Coordinate Graphs ,2,33,-22.0,3,0.8379449074988039,0.03843936315758523,0.3905837860053583,0.14059536049431046,0.7372814351733078,1.0,0.15842401189861488,0.35773428772133053,False,False,True
Interpreting Coordinate Graphs ,3,33,-22.0,3,0.13179786240439217,0.28653088164742624,0.11576243717888045,0.05495740860213505,0.28963155905758553,1.0,0.32384852820478355,0.015646837669015704,False,False,True
Interpreting Coordinate Graphs ,4,33,-22.0,3,0.8137978197024772,0.15860229633879386,0.35244127884446463,0.1743818617907576,0.7314404312436659,1.0,0.1706856616591519,0.3583725653974671,False,False,True
Interior Angles Figures with More than 3 Sides,0,995,-629.0,6,0.46147936225293185,0.3122116705145822,0.04730977034757329,0.19197630639825713,0.664657285727087,0.2598120603359699,0.11335904977432716,0.24166837752139436,False,False,False
Interior Angles Figures with More than 3 Sides,1,995,-632.0,6,0.2103825610738409,0.05157051906194132,0.12617134036967356,0.10911323128278679,0.5379115857960369,0.22832238429782248,0.22837337367448673,0.20023940236616358,False,False,False
Interior Angles Figures with More than 3 Sides,2,995,-629.0,10,0.8379449074988039,0.03843936315758523,0.3905837860053583,0.14059536049431046,0.7144438530735572,0.1963083131867743,0.14650547707320327,0.25287401640172547,False,False,False
Interior Angles Figures with More than 3 Sides,3,995,-634.0,7,0.13179786240439217,0.28653088164742624,0.11576243717888045,0.05495740860213505,0.48570642129943115,0.23588305015789462,0.25322771720629483,0.18975207464654203,False,False,False
Interior Angles Figures with More than 3 Sides,4,995,-630.0,5,0.8137978197024772,0.15860229633879386,0.35244127884446463,0.1743818617907576,0.6942501858683131,0.18287779415456243,0.1776262412503162,0.24561647576012635,False,False,False
Interior Angles Triangle,0,744,-456.0,6,0.46147936225293185,0.3122116705145822,0.04730977034757329,0.19197630639825713,0.7874039511578048,0.21091628967812462,0.14096383515594746,0.21327392459561229,False,False,False
Interior Angles Triangle,1,744,-461.0,8,0.2103825610738409,0.05157051906194132,0.12617134036967356,0.10911323128278679,0.6662433615206563,0.19880283432876597,0.27460217881669946,0.18347444178194705,False,False,False
Interior Angles Triangle,2,744,-455.0,8,0.8379449074988039,0.03843936315758523,0.3905837860053583,0.14059536049431046,0.8391465785381776,0.14522908679940574,0.16481417101538484,0.23509344688202136,False,False,False
Interior Angles Triangle,3,744,-461.0,12,0.13179786240439217,0.28653088164742624,0.11576243717888045,0.05495740860213505,0.6667684276050184,0.19555797369805542,0.27823255511618344,0.1844105979462671,False,False,False
Interior Angles Triangle,4,744,-456.0,5,0.8137978197024772,0.15860229633879386,0.35244127884446463,0.1743818617907576,0.8028164942859574,0.16111663727035166,0.1896608280778477,0.2227023603372705,False,False,False
Rotations,0,427,-162.0,4,0.46147936225293185,0.3122116705145822,0.04730977034757329,0.19197630639825713,0.13336505947970398,0.1263520325334409,0.026731648795082556,0.5168193350330477,False,True,False
Rotations,1,427,-161.0,5,0.2103825610738409,0.05157051906194132,0.12617134036967356,0.10911323128278679,0.03039061606645273,0.06537609506221946,0.07662890690962328,0.2305240489082098,False,False,False
Rotations,2,427,-166.0,4,0.8379449074988039,0.03843936315758523,0.3905837860053583,0.14059536049431046,0.3298610131747209,0.01659027320676686,0.055119332765353156,0.7066383073009201,False,True,False
Rotations,3,427,-161.0,4,0.13179786240439217,0.28653088164742624,0.11576243717888045,0.05495740860213505,0.02725448120618212,0.07922864886137403,0.06748449342884691,0.16784128232805115,False,False,False
Rotations,4,427,-164.0,4,0.8137978197024772,0.15860229633879386,0.35244127884446463,0.1743818617907576,0.3325755803084781,0.0568985082782402,0.03968125335855416,0.7011565371683041,False,True,False
Reflection,0,459,-285.0,4,0.46147936225293185,0.3122116705145822,0.04730977034757329,0.19197630639825713,0.4348033884529501,0.1747733845773651,0.06561893929880419,0.2653882347787214,False,False,False
Reflection,1,459,-286.0,4,0.2103825610738409,0.05157051906194132,0.12617134036967356,0.10911323128278679,0.2802129558569725,0.1156626236359519,0.17161631017322918,0.1688376490703296,False,False,False
Reflection,2,459,-285.0,5,0.8379449074988039,0.03843936315758523,0.3905837860053583,0.14059536049431046,0.5658503573136997,0.031013060713044178,0.11821977205852385,0.37732797468098656,False,False,False
Reflection,3,459,-286.0,6,0.13179786240439217,0.28653088164742624,0.11576243717888045,0.05495740860213505,0.2674460854080116,0.14331595448654844,0.15756303034425076,0.15404383503353114,False,False,False
Reflection,4,459,-284.0,4,0.8137978197024772,0.15860229633879386,0.35244127884446463,0.1743818617907576,0.5561549203539751,0.07438975133074735,0.09574443198285937,0.3676311863554889,False,False,False
Translations,0,464,-305.0,6,0.46147936225293185,0.3122116705145822,0.04730977034757329,0.19197630639825713,0.638417957998897,0.18849582456817102,0.09781373166611883,0.2547707370208037,False,False,False
Translations,1,464,-310.0,4,0.2103825610738409,0.05157051906194132,0.12617134036967356,0.10911323128278679,0.41831406048143843,0.13853078134850938,0.2568243968263674,0.15627761406484902,False,False,False
Translations,2,464,-306.0,4,0.8379449074988039,0.03843936315758523,0.3905837860053583,0.14059536049431046,0.68977791820572,0.03985292345400611,0.19113434909126997,0.31179049794942876,False,False,False
Translations,3,464,-310.0,6,0.13179786240439217,0.28653088164742624,0.11576243717888045,0.05495740860213505,0.4085456661996763,0.15735272972840642,0.25094575589951595,0.15786947111174013,False,False,False
Translations,4,464,-305.0,3,0.8137978197024772,0.15860229633879386,0.35244127884446463,0.1743818617907576,0.6767998508093197,0.09726674411802572,0.160876694014502,0.2968182936683277,False,False,False
Box and Whisker,0,3957,-2104.0,8,0.46147936225293185,0.3122116705145822,0.04730977034757329,0.19197630639825713,0.790056488157419,0.2035656109292329,0.21956645499626726,0.17995550828602044,False,False,False
Box and Whisker,1,3957,-2096.0,8,0.2103825610738409,0.05157051906194132,0.12617134036967356,0.10911323128278679,0.7185270375665443,0.14171091082723292,0.35987904440973806,0.1567378255956088,False,False,False
Box and Whisker,2,3957,-2097.0,7,0.8379449074988039,0.03843936315758523,0.3905837860053583,0.14059536049431046,0.7674632530052434,0.10397991792294724,0.37360813621530126,0.1615156436688603,False,False,False
Box and Whisker,3,3957,-2097.0,10,0.13179786240439217,0.28653088164742624,0.11576243717888045,0.05495740860213505,0.6886219082622514,0.13933043232082848,0.3841586453891828,0.15128739069597358,False,False,False
Box and Whisker,4,3957,-2097.0,3,0.8137978197024772,0.15860229633879386,0.35244127884446463,0.1743818617907576,0.7811565759818577,0.12953973946080183,0.3268192735453888,0.1676307352086612,False,False,False
Probability of Two Distinct Events,0,7453,-5006.0,10,0.46147936225293185,0.3122116705145822,0.04730977034757329,0.19197630639825713,0.6320093081112677,0.029757961511565942,0.2468765034199492,0.40535310131865876,False,False,False
Probability of Two Distinct Events,1,7453,-5007.0,10,0.2103825610738409,0.05157051906194132,0.12617134036967356,0.10911323128278679,0.48916471282822444,0.023420287592431463,0.3119319345914001,0.3668612701245558,False,False,False
Probability of Two Distinct Events,2,7453,-5007.0,13,0.8379449074988039,0.03843936315758523,0.3905837860053583,0.14059536049431046,0.4965992533039977,0.02123871654053596,0.3145320506370318,0.36640105620970853,False,False,False
Probability of Two Distinct Events,3,7453,-5007.0,11,0.13179786240439217,0.28653088164742624,0.11576243717888045,0.05495740860213505,0.4842709805201087,0.02368780590919808,0.3128316121869914,0.36598533251347093,False,False,False
Probability of Two Distinct Events,4,7453,-5007.0,7,0.8137978197024772,0.15860229633879386,0.35244127884446463,0.1743818617907576,0.4854724542933686,0.023725334460438396,0.3123704044483908,0.36628978900515946,False,False,False
Counting Methods,0,4867,-3326.0,16,0.46147936225293185,0.3122116705145822,0.04730977034757329,0.19197630639825713,0.7329750215625787,0.004216911632490222,0.3480387174325112,0.4032139812923859,False,False,False
Counting Methods,1,4867,-3327.0,13,0.2103825610738409,0.05157051906194132,0.12617134036967356,0.10911323128278679,0.479921346269867,0.007088471670979357,0.4040772902187932,0.3390838563685828,False,False,False
Counting Methods,2,4867,-3328.0,7,0.8379449074988039,0.03843936315758523,0.3905837860053583,0.14059536049431046,0.4458524227083434,0.007398054646004684,0.41035649453216094,0.3272762180832971,False,False,False
Counting Methods,3,4867,-3328.0,14,0.13179786240439217,0.28653088164742624,0.11576243717888045,0.05495740860213505,0.4406826917943685,0.007283564409119807,0.4116455819058913,0.3263946798792935,False,False,False
Counting Methods,4,4867,-3326.0,10,0.8137978197024772,0.15860229633879386,0.35244127884446463,0.1743818617907576,0.5715720451696122,0.0077024981641483576,0.38296942023538216,0.36449433744510956,False,False,False
Histogram as Table or Graph,0,1804,-1049.0,6,0.46147936225293185,0.3122116705145822,0.04730977034757329,0.19197630639825713,0.756661551616324,0.24669226169502217,0.18667151084976652,0.22963087637145735,False,False,False
Histogram as Table or Graph,1,1804,-1051.0,5,0.2103825610738409,0.05157051906194132,0.12617134036967356,0.10911323128278679,0.6375756081698725,0.2439817826564558,0.30424740858532695,0.2139272824524644,False,False,False
Histogram as Table or Graph,2,1804,-1050.0,7,0.8379449074988039,0.03843936315758523,0.3905837860053583,0.14059536049431046,0.7513568986963075,0.1998456212500323,0.26521178298208375,0.22686198248187295,False,False,False
Histogram as Table or Graph,3,1804,-1054.0,7,0.13179786240439217,0.28653088164742624,0.11576243717888045,0.05495740860213505,0.532843448219789,0.24932932685152243,0.37671022163134815,0.20571982850529089,False,False,False
Histogram as Table or Graph,4,1804,-1050.0,5,0.8137978197024772,0.15860229633879386,0.35244127884446463,0.1743818617907576,0.7428406872914656,0.21094013283946988,0.2557604565514712,0.22590616146140682,False,False,False
Stem and Leaf Plot,0,3828,-2219.0,8,0.46147936225293185,0.3122116705145822,0.04730977034757329,0.19197630639825713,0.7623186915428054,0.1440499036715196,0.11735636768480637,0.23492493032230044,False,False,False
Stem and Leaf Plot,1,3828,-2222.0,12,0.2103825610738409,0.05157051906194132,0.12617134036967356,0.10911323128278679,0.7156684716186678,0.12735788208206184,0.1897592331723434,0.22155723952562895,False,False,False
Stem and Leaf Plot,2,3828,-2222.0,9,0.8379449074988039,0.03843936315758523,0.3905837860053583,0.14059536049431046,0.7363874415520765,0.1107695875940563,0.19543555422200667,0.22315683646788015,False,False,False
Stem and Leaf Plot,3,3828,-2222.0,15,0.13179786240439217,0.28653088164742624,0.11576243717888045,0.05495740860213505,0.7114570420831696,0.12687378109634306,0.19444688250024,0.22051694002806235,False,False,False
Stem and Leaf Plot,4,3828,-2223.0,5,0.8137978197024772,0.15860229633879386,0.35244127884446463,0.1743818617907576,0.7155241410324803,0.1125952179624692,0.2125835190665505,0.2186941186752091,False,False,False
Venn Diagram,0,18275,-7390.0,6,0.46147936225293185,0.3122116705145822,0.04730977034757329,0.19197630639825713,0.7417405601811671,0.07048694653828272,0.07507681596253894,0.13085719918167074,False,False,False
Venn Diagram,1,18275,-6316.0,15,0.2103825610738409,0.05157051906194132,0.12617134036967356,0.10911323128278679,0.10580445283531585,0.01481228651495234,0.5820717193229143,3.426076385525918e-05,False,True,True
Venn Diagram,2,18275,-6316.0,14,0.8379449074988039,0.03843936315758523,0.3905837860053583,0.14059536049431046,0.10578475696268301,0.014796086501848216,0.5820997691149018,3.249261685716882e-05,False,True,True
Venn Diagram,3,18275,-6316.0,15,0.13179786240439217,0.28653088164742624,0.11576243717888045,0.05495740860213505,0.10538241132877897,0.014757414414310444,0.5822254924170006,1.9202183451265606e-05,False,True,True
Venn Diagram,4,18275,-6316.0,15,0.8137978197024772,0.15860229633879386,0.35244127884446463,0.1743818617907576,0.1055883710569545,0.014776305371917601,0.5821626931141262,2.581465419283742e-05,False,True,True
Write Linear Equation from Situation,0,1287,-484.0,4,0.46147936225293185,0.3122116705145822,0.04730977034757329,0.19197630639825713,0.8502502063300281,0.4308216743147531,0.138794133022866,0.09695055391838837,False,False,False
Write Linear Equation from Situation,1,1287,-485.0,4,0.2103825610738409,0.05157051906194132,0.12617134036967356,0.10911323128278679,0.7860729142641819,0.4170522145924247,0.30932872930775185,0.08954428945659014,False,False,False
Write Linear Equation from Situation,2,1287,-482.0,7,0.8379449074988039,0.03843936315758523,0.3905837860053583,0.14059536049431046,0.9199813958356526,0.2768240444068759,0.06549021517277497,0.10716470577278597,False,False,False
Write Linear Equation from Situation,3,1287,-488.0,6,0.13179786240439217,0.28653088164742624,0.11576243717888045,0.05495740860213505,0.641308224306641,0.43240284156593845,0.4848492051190527,0.08003492409382086,False,False,False
Write Linear Equation from Situation,4,1287,-484.0,5,0.8137978197024772,0.15860229633879386,0.35244127884446463,0.1743818617907576,0.8802129521838228,0.3324014705243652,0.1871319339379381,0.10098690503881187,False,False,False
Write Linear Equation from Ordered Pairs,0,949,-614.0,9,0.46147936225293185,0.3122116705145822,0.04730977034757329,0.19197630639825713,0.859115637494663,0.11746118291072297,0.04467988145297017,0.351563099784109,False,False,False
Write Linear Equation from Ordered Pairs,1,949,-618.0,15,0.2103825610738409,0.05157051906194132,0.12617134036967356,0.10911323128278679,0.8100403302292486,0.10205344974276993,0.1303682020394211,0.3279839652141089,False,False,False
Write Linear Equation from Ordered Pairs,2,949,-622.0,8,0.8379449074988039,0.03843936315758523,0.3905837860053583,0.14059536049431046,0.7643872916849387,0.07833036607451777,0.21357239014269644,0.3043466795028191,False,False,False
Write Linear Equation from Ordered Pairs,3,949,-617.0,19,0.13179786240439217,0.28653088164742624,0.11576243717888045,0.05495740860213505,0.8242144062191907,0.10489072605376636,0.11019904854014363,0.3341501119482555,False,False,False
Write Linear Equation from Ordered Pairs,4,949,-617.0,11,0.8137978197024772,0.15860229633879386,0.35244127884446463,0.1743818617907576,0.8257911187398546,0.10510080443290828,0.10807212739269749,0.3348479250945389,False,False,False
Write Linear Equation from Graph,0,1983,-1266.0,5,0.46147936225293185,0.3122116705145822,0.04730977034757329,0.19197630639825713,0.4215534666125485,0.14305427848644867,0.11528309907552427,0.3811469685931126,False,False,False
Write Linear Equation from Graph,1,1983,-1272.0,8,0.2103825610738409,0.05157051906194132,0.12617134036967356,0.10911323128278679,0.21188693968298475,0.13013886027529806,0.2000740588942149,0.3242836753976211,False,False,False
Write Linear Equation from Graph,2,1983,-1266.0,10,0.8379449074988039,0.03843936315758523,0.3905837860053583,0.14059536049431046,0.4122419818769421,0.12694731533997033,0.14138435608668426,0.3777100409286916,False,False,False
Write Linear Equation from Graph,3,1983,-1274.0,7,0.13179786240439217,0.28653088164742624,0.11576243717888045,0.05495740860213505,0.16227253362309102,0.12879102349764476,0.21456850435616617,0.3086155009471259,False,False,False
Write Linear Equation from Graph,4,1983,-1266.0,7,0.8137978197024772,0.15860229633879386,0.35244127884446463,0.1743818617907576,0.42351445875213123,0.12523958985061148,0.13946782479078612,0.38022133041629236,False,False,False
Effect of Changing Dimensions of a Shape Prportionally,0,1099,-626.0,7,0.46147936225293185,0.3122116705145822,0.04730977034757329,0.19197630639825713,0.1386434600810896,0.4710856323651113,0.06260352121056795,0.20360903326230725,False,False,False
Effect of Changing Dimensions of a Shape Prportionally,1,1099,-624.0,6,0.2103825610738409,0.05157051906194132,0.12617134036967356,0.10911323128278679,0.05800474373650725,0.41659968188904156,0.13365605748414014,0.1717954943514377,False,False,False
Effect of Changing Dimensions of a Shape Prportionally,2,1099,-625.0,11,0.8379449074988039,0.03843936315758523,0.3905837860053583,0.14059536049431046,0.10370825023138307,0.4525130996510438,0.09201798375715224,0.19354187991798383,False,False,False
Effect of Changing Dimensions of a Shape Prportionally,3,1099,-623.0,7,0.13179786240439217,0.28653088164742624,0.11576243717888045,0.05495740860213505,0.026375278250755044,0.41558736855700756,0.14723069128872415,0.16788556764219809,False,False,False
Effect of Changing Dimensions of a Shape Prportionally,4,1099,-625.0,9,0.8137978197024772,0.15860229633879386,0.35244127884446463,0.1743818617907576,0.11432224695660119,0.45814349062835313,0.08338840155420298,0.19677584914892868,False,False,False
Volume Rectangular Prism,0,19489,-4222.0,12,0.46147936225293185,0.3122116705145822,0.04730977034757329,0.19197630639825713,0.801878676602011,0.004194159528005608,0.4661622630708592,0.01694685166200671,False,False,False
Volume Rectangular Prism,1,19489,-4222.0,10,0.2103825610738409,0.05157051906194132,0.12617134036967356,0.10911323128278679,0.8090208423968195,0.004186350684554202,0.4652821763908705,0.017051330140305788,False,False,False
Volume Rectangular Prism,2,19489,-4222.0,9,0.8379449074988039,0.03843936315758523,0.3905837860053583,0.14059536049431046,0.8091027253581136,0.004186236008391575,0.4652739346277518,0.017052340500253046,False,False,False
Volume Rectangular Prism,3,19489,-4222.0,10,0.13179786240439217,0.28653088164742624,0.11576243717888045,0.05495740860213505,0.8048075991376102,0.00419143973601917,0.4657502880927287,0.0169950085619788,False,False,False
Volume Rectangular Prism,4,19489,-4222.0,9,0.8137978197024772,0.15860229633879386,0.35244127884446463,0.1743818617907576,0.80987133532118,0.004185158293716768,0.4651973963385867,0.017061755825820757,False,False,False
Volume Cylinder,0,13734,-4068.0,5,0.46147936225293185,0.3122116705145822,0.04730977034757329,0.19197630639825713,0.6592781333306295,0.012537907840045485,0.009593423828381197,0.12320376115926142,False,False,False
Volume Cylinder,1,13734,-4317.0,5,0.2103825610738409,0.05157051906194132,0.12617134036967356,0.10911323128278679,0.5356447313422192,0.012869674076213629,0.09196688341090162,0.07354452576728462,False,False,False
Volume Cylinder,2,13734,-4317.0,4,0.8379449074988039,0.03843936315758523,0.3905837860053583,0.14059536049431046,0.5576103322895963,0.011866425226455691,0.09136323645493762,0.07491895586375749,False,False,False
Volume Cylinder,3,13734,-4317.0,6,0.13179786240439217,0.28653088164742624,0.11576243717888045,0.05495740860213505,0.5374928131650625,0.012784695571065784,0.09192964459077192,0.07364688673831193,False,False,False
Volume Cylinder,4,13734,-4317.0,4,0.8137978197024772,0.15860229633879386,0.35244127884446463,0.1743818617907576,0.5559941042216137,0.012137080254093165,0.0897700770331384,0.07573092515627014,False,False,False
Volume Sphere,0,774,-515.0,6,0.46147936225293185,0.3122116705145822,0.04730977034757329,0.19197630639825713,0.5782410118510534,0.3312663858052045,0.23840537774591739,0.29636100253937436,False,False,False
Volume Sphere,1,774,-513.0,6,0.2103825610738409,0.05157051906194132,0.12617134036967356,0.10911323128278679,0.34722595391458666,0.24017519557368994,0.36583170916268104,0.2352872127247708,False,False,False
Volume Sphere,2,774,-518.0,6,0.8379449074988039,0.03843936315758523,0.3905837860053583,0.14059536049431046,0.6685286624352127,0.131908245147708,0.3836463204836352,0.3183186639373035,False,False,False
Volume Sphere,3,774,-513.0,6,0.13179786240439217,0.28653088164742624,0.11576243717888045,0.05495740860213505,0.23509262420119487,0.23826158926198404,0.39177545515663276,0.2100763599121251,False,False,False
Volume Sphere,4,774,-516.0,4,0.8137978197024772,0.15860229633879386,0.35244127884446463,0.1743818617907576,0.6547468797098848,0.19055634726324583,0.30917876966572394,0.29831740362964887,False,False,False
Perimeter of a Polygon,0,595,-356.0,14,0.46147936225293185,0.3122116705145822,0.04730977034757329,0.19197630639825713,0.9167761870271314,0.042664049137078074,0.052423716019901444,0.2559179917227568,False,False,False
Perimeter of a Polygon,1,595,-374.0,6,0.2103825610738409,0.05157051906194132,0.12617134036967356,0.10911323128278679,0.5714236421707902,0.23549412433801545,0.34764879787059083,0.16124136396441144,False,False,False
Perimeter of a Polygon,2,595,-355.0,10,0.8379449074988039,0.03843936315758523,0.3905837860053583,0.14059536049431046,0.9247964205101282,0.01557230292995151,0.05636258586814391,0.259312545440893,False,False,False
Perimeter of a Polygon,3,595,-377.0,6,0.13179786240439217,0.28653088164742624,0.11576243717888045,0.05495740860213505,0.45855581973125586,0.2530770068625699,0.39664850059820306,0.13336076911958275,False,False,False
Perimeter of a Polygon,4,595,-356.0,10,0.8137978197024772,0.15860229633879386,0.35244127884446463,0.1743818617907576,0.9144465859300107,0.03773219390933291,0.06143683425142939,0.25479849332704146,False,False,False
Area Rectangle,0,12836,-1493.0,5,0.46147936225293185,0.3122116705145822,0.04730977034757329,0.19197630639825713,0.9027017860139618,0.014598529549388315,5.671663499001434e-05,0.024454312487322574,False,False,True
Area Rectangle,1,12836,-1493.0,9,0.2103825610738409,0.05157051906194132,0.12617134036967356,0.10911323128278679,0.9028407653000114,0.014592420987243952,3.376745242441171e-05,0.024458673937958097,False,False,True
Area Rectangle,2,12836,-1526.0,4,0.8379449074988039,0.03843936315758523,0.3905837860053583,0.14059536049431046,0.8836059304699077,0.01279623838404454,0.041623601675100624,0.020739830432646524,False,False,False
Area Rectangle,3,12836,-1493.0,11,0.13179786240439217,0.28653088164742624,0.11576243717888045,0.05495740860213505,0.9028281531868071,0.014586268274135727,4.488773012001812e-05,0.024458156343265036,False,False,True
Area Rectangle,4,12836,-1493.0,7,0.8137978197024772,0.15860229633879386,0.35244127884446463,0.1743818617907576,0.902831633884899,0.014588676415037964,4.086070838404356e-05,0.02445831208482888,False,False,True
Area Irregular Figure,0,750,-478.0,4,0.46147936225293185,0.3122116705145822,0.04730977034757329,0.19197630639825713,0.5476441285774458,0.290115323246726,0.07924730209884272,0.23399559651541213,False,False,False
Area Irregular Figure,1,750,-481.0,5,0.2103825610738409,0.05157051906194132,0.12617134036967356,0.10911323128278679,0.40121648367861684,0.25474638238018044,0.19548160697424868,0.18864824923198165,False,False,False
Area Irregular Figure,2,750,-477.0,11,0.8379449074988039,0.03843936315758523,0.3905837860053583,0.14059536049431046,0.6816692529429756,0.2198105987467345,0.07979882201025613,0.2777481982004085,False,False,False
Area Irregular Figure,3,750,-483.0,6,0.13179786240439217,0.28653088164742624,0.11576243717888045,0.05495740860213505,0.31985514781693863,0.2648313243241319,0.22006459680789972,0.16850147440856658,False,False,False
Area Irregular Figure,4,750,-478.0,7,0.8137978197024772,0.15860229633879386,0.35244127884446463,0.1743818617907576,0.6517942015621522,0.21801954495205556,0.10183842190198227,0.2660504140320951,False,False,False
Area Trapezoid,0,7223,-1818.0,7,0.46147936225293185,0.3122116705145822,0.04730977034757329,0.19197630639825713,0.6960834512758609,0.018217341506772122,0.0023479544054832275,0.09321521529496457,False,False,False
Area Trapezoid,1,7223,-1818.0,8,0.2103825610738409,0.05157051906194132,0.12617134036967356,0.10911323128278679,0.6950565201593241,0.018305669529563414,0.0024030986804460933,0.09307528419284052,False,False,False
Area Trapezoid,2,7223,-1818.0,8,0.8379449074988039,0.03843936315758523,0.3905837860053583,0.14059536049431046,0.695165027287809,0.018290052868496803,0.002427430907171247,0.0930638442626069,False,False,False
Area Trapezoid,3,7223,-1819.0,7,0.13179786240439217,0.28653088164742624,0.11576243717888045,0.05495740860213505,0.6845036592079506,0.01924254947000353,0.002840519813646331,0.09177831724123453,False,False,False
Area Trapezoid,4,7223,-1818.0,8,0.8137978197024772,0.15860229633879386,0.35244127884446463,0.1743818617907576,0.6967222622585192,0.018154370617731622,0.0023523086691910346,0.09326843778123912,False,False,False
Greatest Common Factor,0,5639,-636.0,9,0.46147936225293185,0.3122116705145822,0.04730977034757329,0.19197630639825713,0.664175907077928,0.006710112242426947,0.25522272706829424,9.333814414596282e-07,False,False,True
Greatest Common Factor,1,5639,-636.0,7,0.2103825610738409,0.05157051906194132,0.12617134036967356,0.10911323128278679,0.6652603900154272,0.006734221333671384,0.25503294421832434,5.837211989373026e-06,False,False,True
Greatest Common Factor,2,5639,-636.0,7,0.8379449074988039,0.03843936315758523,0.3905837860053583,0.14059536049431046,0.6652933303025442,0.006734216065514493,0.25502820980530255,5.962304393244998e-06,False,False,True
Greatest Common Factor,3,5639,-636.0,6,0.13179786240439217,0.28653088164742624,0.11576243717888045,0.05495740860213505,0.6659227513994511,0.006762369185495966,0.2548981740667573,9.305208639176348e-06,False,False,True
Greatest Common Factor,4,5639,-636.0,8,0.8137978197024772,0.15860229633879386,0.35244127884446463,0.1743818617907576,0.6640236887649548,0.00670668121967686,0.25524863990919805,5.240704977079516e-07,False,False,True
Surface Area Cylinder,0,491,-295.0,6,0.46147936225293185,0.3122116705145822,0.04730977034757329,0.19197630639825713,0.23325156464595892,0.34331329534357685,0.0729255670426193,0.46937159378159915,False,False,False
Surface Area Cylinder,1,491,-297.0,6,0.2103825610738409,0.05157051906194132,0.12617134036967356,0.10911323128278679,0.04608658947059861,0.14083314040812808,0.20257877212486977,0.24067404558638547,False,False,False
Surface Area Cylinder,2,491,-305.0,5,0.8379449074988039,0.03843936315758523,0.3905837860053583,0.14059536049431046,0.3975252084982467,0.03737246739174703,0.2220927197758088,0.5326426720269329,False,True,False
Surface Area Cylinder,3,491,-296.0,6,0.13179786240439217,0.28653088164742624,0.11576243717888045,0.05495740860213505,0.025464561343866793,0.16526788065141884,0.18779163018175424,0.21725336781582869,False,False,False
Surface Area Cylinder,4,491,-299.0,9,0.8137978197024772,0.15860229633879386,0.35244127884446463,0.1743818617907576,0.31894175576999634,0.2066024767213558,0.15045073426838784,0.511664858834744,False,True,False
Angles on Parallel Lines Cut by a Transversal,0,1107,-438.0,6,0.46147936225293185,0.3122116705145822,0.04730977034757329,0.19197630639825713,0.920047853675283,0.12162473272405687,0.22599451244772895,0.1269789578841472,False,False,False
Angles on Parallel Lines Cut by a Transversal,1,1107,-442.0,5,0.2103825610738409,0.05157051906194132,0.12617134036967356,0.10911323128278679,0.6862731828432522,0.21849638693191592,0.7118408253566536,0.12879141594424634,False,True,False
Angles on Parallel Lines Cut by a Transversal,2,1107,-439.0,3,0.8379449074988039,0.03843936315758523,0.3905837860053583,0.14059536049431046,0.8876465085758888,0.032001455724824095,0.38960167907583426,0.1267711338183105,False,False,False
Angles on Parallel Lines Cut by a Transversal,3,1107,-443.0,4,0.13179786240439217,0.28653088164742624,0.11576243717888045,0.05495740860213505,0.5505812112523546,0.5029771442566912,0.7661340401129911,0.13038878085113104,False,True,False
Angles on Parallel Lines Cut by a Transversal,4,1107,-439.0,4,0.8137978197024772,0.15860229633879386,0.35244127884446463,0.1743818617907576,0.8915855285676306,0.09847203087880026,0.3711077536300538,0.1269700772862947,False,False,False
Area Parallelogram,0,3323,-32.0,4,0.46147936225293185,0.3122116705145822,0.04730977034757329,0.19197630639825713,0.9151764385308552,0.00503408015652141,0.010937438339845814,1.3322121269082734e-07,False,False,True
Area Parallelogram,1,3323,-32.0,5,0.2103825610738409,0.05157051906194132,0.12617134036967356,0.10911323128278679,0.9149792763465014,0.00084497171251734,0.014857359088499418,1.7068679361784494e-10,False,False,True
Area Parallelogram,2,3323,-32.0,4,0.8379449074988039,0.03843936315758523,0.3905837860053583,0.14059536049431046,0.9150363919387293,0.001060057520211699,0.014616759555489382,5.104070379964829e-07,False,False,True
Area Parallelogram,3,3323,-32.0,6,0.13179786240439217,0.28653088164742624,0.11576243717888045,0.05495740860213505,0.9151489459393045,0.0018559699387339567,0.013746233586660342,7.726961398371562e-13,False,False,True
Area Parallelogram,4,3323,-32.0,4,0.8137978197024772,0.15860229633879386,0.35244127884446463,0.1743818617907576,0.9150176751703987,0.0026757382788389467,0.013233126026987523,4.652355972555036e-07,False,False,True
Computation with Real Numbers,0,42,-10.0,5,0.46147936225293185,0.3122116705145822,0.04730977034757329,0.19197630639825713,0.1905901958712511,7.973726369723447e-05,4.192935353361817e-09,0.0007673746612603007,False,False,True
Computation with Real Numbers,1,42,-10.0,4,0.2103825610738409,0.05157051906194132,0.12617134036967356,0.10911323128278679,0.1904765033196248,1.75921352674311e-06,4.2725041371994373e-07,7.196528566648662e-06,False,False,True
Computation with Real Numbers,2,42,-10.0,6,0.8379449074988039,0.03843936315758523,0.3905837860053583,0.14059536049431046,0.19076747111811776,1.2347959193311462e-05,1.2189148968093216e-13,0.0015530376649016118,False,False,True
Computation with Real Numbers,3,42,-10.0,4,0.13179786240439217,0.28653088164742624,0.11576243717888045,0.05495740860213505,0.1904774184868907,0.00010719361975941095,2.049538106002046e-05,0.00032125847204601045,False,False,True
Computation with Real Numbers,4,42,-10.0,7,0.8137978197024772,0.15860229633879386,0.35244127884446463,0.1743818617907576,0.19053239628736862,8.241018441039e-06,3.5749034164578665e-14,0.000312493774258617,False,False,True
Area Triangle,0,10839,-1580.0,4,0.46147936225293185,0.3122116705145822,0.04730977034757329,0.19197630639825713,0.864889838699013,0.016311493332105305,1.5096887332521542e-05,0.03301456297686106,False,False,True
Area Triangle,1,10839,-1529.0,4,0.2103825610738409,0.05157051906194132,0.12617134036967356,0.10911323128278679,0.8323118043520576,0.01450499979882607,0.11719721381897782,0.021367100624218007,False,False,False
Area Triangle,2,10839,-1529.0,4,0.8379449074988039,0.03843936315758523,0.3905837860053583,0.14059536049431046,0.8337302577173865,0.01448755047004334,0.11706259984392788,0.021379539864568347,False,False,False
Area Triangle,3,10839,-1529.0,5,0.13179786240439217,0.28653088164742624,0.11576243717888045,0.05495740860213505,0.8328905843071893,0.01449600796704093,0.11715039533806364,0.021372229418342086,False,False,False
Area Triangle,4,10839,-1529.0,4,0.8137978197024772,0.15860229633879386,0.35244127884446463,0.1743818617907576,0.8335389754902267,0.014489838840152206,0.1170817367662477,0.021377849754284996,False,False,False
Linear Equations,0,89,-37.0,3,0.46147936225293185,0.3122116705145822,0.04730977034757329,0.19197630639825713,0.7559355341779704,0.6533905097393001,0.1196459157621639,0.05724316529659363,False,False,False
Linear Equations,1,89,-38.0,4,0.2103825610738409,0.05157051906194132,0.12617134036967356,0.10911323128278679,0.6222195792906428,0.5004023531784135,0.4096093726590449,0.036100167377232456,False,False,False
Linear Equations,2,89,-40.0,3,0.8379449074988039,0.03843936315758523,0.3905837860053583,0.14059536049431046,0.8589450219986089,0.10465682295737083,0.39066222277452317,0.11527975704782918,False,False,False
Linear Equations,3,89,-37.0,3,0.13179786240439217,0.28653088164742624,0.11576243717888045,0.05495740860213505,0.5013917231116874,0.6114812901858033,0.45029166882951804,0.011431622167238222,False,False,False
Linear Equations,4,89,-39.0,4,0.8137978197024772,0.15860229633879386,0.35244127884446463,0.1743818617907576,0.8200354778946309,0.4025617866416155,0.29077900782348376,0.09780028035456662,False,False,False
Slope,0,89,-37.0,3,0.46147936225293185,0.3122116705145822,0.04730977034757329,0.19197630639825713,0.7559355341779704,0.6533905097393001,0.1196459157621639,0.05724316529659363,False,False,False
Slope,1,89,-38.0,4,0.2103825610738409,0.05157051906194132,0.12617134036967356,0.10911323128278679,0.6222195792906428,0.5004023531784135,0.4096093726590449,0.036100167377232456,False,False,False
Slope,2,89,-40.0,3,0.8379449074988039,0.03843936315758523,0.3905837860053583,0.14059536049431046,0.8589450219986089,0.10465682295737083,0.39066222277452317,0.11527975704782918,False,False,False
Slope,3,89,-37.0,3,0.13179786240439217,0.28653088164742624,0.11576243717888045,0.05495740860213505,0.5013917231116874,0.6114812901858033,0.45029166882951804,0.011431622167238222,False,False,False
Slope,4,89,-39.0,4,0.8137978197024772,0.15860229633879386,0.35244127884446463,0.1743818617907576,0.8200354778946309,0.4025617866416155,0.29077900782348376,0.09780028035456662,False,False,False
Choose an Equation from Given Information,0,89,-37.0,3,0.46147936225293185,0.3122116705145822,0.04730977034757329,0.19197630639825713,0.7559355341779704,0.6533905097393001,0.1196459157621639,0.05724316529659363,False,False,False
Choose an Equation from Given Information,1,89,-38.0,4,0.2103825610738409,0.05157051906194132,0.12617134036967356,0.10911323128278679,0.6222195792906428,0.5004023531784135,0.4096093726590449,0.036100167377232456,False,False,False
Choose an Equation from Given Information,2,89,-40.0,3,0.8379449074988039,0.03843936315758523,0.3905837860053583,0.14059536049431046,0.8589450219986089,0.10465682295737083,0.39066222277452317,0.11527975704782918,False,False,False
Choose an Equation from Given Information,3,89,-37.0,3,0.13179786240439217,0.28653088164742624,0.11576243717888045,0.05495740860213505,0.5013917231116874,0.6114812901858033,0.45029166882951804,0.011431622167238222,False,False,False
Choose an Equation from Given Information,4,89,-39.0,4,0.8137978197024772,0.15860229633879386,0.35244127884446463,0.1743818617907576,0.8200354778946309,0.4025617866416155,0.29077900782348376,0.09780028035456662,False,False,False
Intercept,0,89,-37.0,3,0.46147936225293185,0.3122116705145822,0.04730977034757329,0.19197630639825713,0.7559355341779704,0.6533905097393001,0.1196459157621639,0.05724316529659363,False,False,False
Intercept,1,89,-38.0,4,0.2103825610738409,0.05157051906194132,0.12617134036967356,0.10911323128278679,0.6222195792906428,0.5004023531784135,0.4096093726590449,0.036100167377232456,False,False,False
Intercept,2,89,-40.0,3,0.8379449074988039,0.03843936315758523,0.3905837860053583,0.14059536049431046,0.8589450219986089,0.10465682295737083,0.39066222277452317,0.11527975704782918,False,False,False
Intercept,3,89,-37.0,3,0.13179786240439217,0.28653088164742624,0.11576243717888045,0.05495740860213505,0.5013917231116874,0.6114812901858033,0.45029166882951804,0.011431622167238222,False,False,False
Intercept,4,89,-39.0,4,0.8137978197024772,0.15860229633879386,0.35244127884446463,0.1743818617907576,0.8200354778946309,0.4025617866416155,0.29077900782348376,0.09780028035456662,False,False,False
Quadratic Formula to Solve Quadratic Equation,0,32,-11.0,3,0.46147936225293185,0.3122116705145822,0.04730977034757329,0.19197630639825713,0.18166517464190163,0.08610912954733177,0.020500210938150094,0.548406570737141,False,True,False
Quadratic Formula to Solve Quadratic Equation,1,32,-11.0,3,0.2103825610738409,0.05157051906194132,0.12617134036967356,0.10911323128278679,0.08806348178324393,0.0029189385871087573,0.06428411146047476,0.15027382926666116,False,False,False
Quadratic Formula to Solve Quadratic Equation,2,32,-11.0,3,0.8379449074988039,0.03843936315758523,0.3905837860053583,0.14059536049431046,0.3132590700805225,0.00763729639886598,0.04773466848970038,0.6995486798940833,False,True,False
Quadratic Formula to Solve Quadratic Equation,3,32,-11.0,3,0.13179786240439217,0.28653088164742624,0.11576243717888045,0.05495740860213505,0.08042942278815374,0.01578159711269112,0.06541908128703654,0.2123156068357016,False,False,False
Quadratic Formula to Solve Quadratic Equation,4,32,-11.0,3,0.8137978197024772,0.15860229633879386,0.35244127884446463,0.1743818617907576,0.34188179668916024,0.04083140727720248,0.040385458680445574,0.7265805853810748,False,True,False
Recognize Linear Pattern,0,280,-105.0,3,0.46147936225293185,0.3122116705145822,0.04730977034757329,0.19197630639825713,0.6121636074460574,0.04496450454365924,0.0002790767308395757,0.14069598876157147,False,False,True
Recognize Linear Pattern,1,280,-105.0,4,0.2103825610738409,0.05157051906194132,0.12617134036967356,0.10911323128278679,0.6246156551688854,0.04369188738070014,7.622792299080171e-05,0.14102840226581237,False,False,True
Recognize Linear Pattern,2,280,-105.0,4,0.8379449074988039,0.03843936315758523,0.3905837860053583,0.14059536049431046,0.631798734635982,0.043046337817497386,0.00019755448343755264,0.1412607264771777,False,False,True
Recognize Linear Pattern,3,280,-105.0,4,0.13179786240439217,0.28653088164742624,0.11576243717888045,0.05495740860213505,0.6180154042579109,0.044320208512255266,0.0001504198999435608,0.1408353000476495,False,False,True
Recognize Linear Pattern,4,280,-105.0,4,0.8137978197024772,0.15860229633879386,0.35244127884446463,0.1743818617907576,0.6305567354767072,0.04317103814536586,9.344654083538318e-05,0.14121327421627325,False,False,True
"Angles - Obtuse, Acute, and Right",0,3590,-2114.0,6,0.46147936225293185,0.3122116705145822,0.04730977034757329,0.19197630639825713,0.5920673230353889,0.002260816207940949,0.3347492827477222,0.21919570770543362,False,False,False
"Angles - Obtuse, Acute, and Right",1,3590,-2114.0,3,0.2103825610738409,0.05157051906194132,0.12617134036967356,0.10911323128278679,0.5696828809116103,0.0022727562544539825,0.33488563112943404,0.21921995177332795,False,False,False
"Angles - Obtuse, Acute, and Right",2,3590,-2114.0,4,0.8379449074988039,0.03843936315758523,0.3905837860053583,0.14059536049431046,0.5902048358499236,0.0022611866537040814,0.3347641859159544,0.21919190518353604,False,False,False
"Angles - Obtuse, Acute, and Right",3,3590,-2114.0,4,0.13179786240439217,0.28653088164742624,0.11576243717888045,0.05495740860213505,0.5824621053588898,0.002263399598023147,0.3348178231571691,0.21919953189448382,False,False,False
"Angles - Obtuse, Acute, and Right",4,3590,-2114.0,3,0.8137978197024772,0.15860229633879386,0.35244127884446463,0.1743818617907576,0.5896449791181895,0.0022624457960687882,0.3347635410562224,0.21919082536795573,False,False,False
Polynomial Factors,0,392,-242.0,3,0.46147936225293185,0.3122116705145822,0.04730977034757329,0.19197630639825713,0.36753215330879413,0.23395994065671627,0.08330608597266086,0.30760709447367607,False,False,False
Polynomial Factors,1,392,-242.0,3,0.2103825610738409,0.05157051906194132,0.12617134036967356,0.10911323128278679,0.1961677361077556,0.11228810334825158,0.27721260454092406,0.28377125007776516,False,False,False
Polynomial Factors,2,392,-243.0,6,0.8379449074988039,0.03843936315758523,0.3905837860053583,0.14059536049431046,0.2992682266746044,0.060773638431588076,0.3349870426274607,0.28111732512054266,False,False,False
Polynomial Factors,3,392,-242.0,3,0.13179786240439217,0.28653088164742624,0.11576243717888045,0.05495740860213505,0.1239684331710663,0.1302921312345718,0.2757007868580694,0.28358103590316036,False,False,False
Polynomial Factors,4,392,-242.0,3,0.8137978197024772,0.15860229633879386,0.35244127884446463,0.1743818617907576,0.33380657401975694,0.09014262489885473,0.27147912054867246,0.2888081648961482,False,False,False
Solving Systems of Linear Equations by Graphing,0,353,-222.0,3,0.46147936225293185,0.3122116705145822,0.04730977034757329,0.19197630639825713,0.4546279390078663,0.4075085208112908,0.11107922869795014,0.31062136302760346,False,False,False
Solving Systems of Linear Equations by Graphing,1,353,-221.0,4,0.2103825610738409,0.05157051906194132,0.12617134036967356,0.10911323128278679,0.36996607086838595,0.13353568585056663,0.29981480249336595,0.26661300151210776,False,False,False
Solving Systems of Linear Equations by Graphing,2,353,-221.0,6,0.8379449074988039,0.03843936315758523,0.3905837860053583,0.14059536049431046,0.473805900887727,0.11071333414177022,0.3070176952820443,0.27381932934987135,False,False,False
Solving Systems of Linear Equations by Graphing,3,353,-221.0,4,0.13179786240439217,0.28653088164742624,0.11576243717888045,0.05495740860213505,0.3181558591418662,0.14264202322545283,0.30776659795723693,0.26467934464590703,False,False,False
Solving Systems of Linear Equations by Graphing,4,353,-221.0,3,0.8137978197024772,0.15860229633879386,0.35244127884446463,0.1743818617907576,0.511048481432462,0.10637910687201704,0.2952662759417203,0.2758954357157698,False,False,False
Finding Slope From Situation,0,9,-4.0,3,0.46147936225293185,0.3122116705145822,0.04730977034757329,0.19197630639825713,0.11235458237464799,0.23570779881177317,0.014688155124965612,0.3186685231423857,False,False,False
Finding Slope From Situation,1,9,-4.0,3,0.2103825610738409,0.05157051906194132,0.12617134036967356,0.10911323128278679,0.05701409265267353,0.20059664610101655,0.08354260812189886,0.26529906178534157,False,False,False
Finding Slope From Situation,2,9,-4.0,4,0.8379449074988039,0.03843936315758523,0.3905837860053583,0.14059536049431046,0.4221374401496886,0.06496080464703728,0.015563066694108153,0.3966654632134925,False,False,False
Finding Slope From Situation,3,9,-4.0,3,0.13179786240439217,0.28653088164742624,0.11576243717888045,0.05495740860213505,0.0025133651487218066,0.22511308176712713,0.07071810992304149,0.23542167244482448,False,False,False
Finding Slope From Situation,4,9,-4.0,3,0.8137978197024772,0.15860229633879386,0.35244127884446463,0.1743818617907576,0.3310481886712457,0.11626101834319143,0.03860637892457895,0.3800159249489421,False,False,False
Finding Slope from Ordered Pairs,0,5,-1.0,3,0.46147936225293185,0.3122116705145822,0.04730977034757329,0.19197630639825713,0.025564505459674373,0.5969444993876499,0.0020287286704056186,0.16506584599004565,False,False,False
Finding Slope from Ordered Pairs,1,5,-1.0,3,0.2103825610738409,0.05157051906194132,0.12617134036967356,0.10911323128278679,0.004454007928779317,0.5015994754014683,0.044121487698918244,0.08489384934269795,False,False,False
Finding Slope from Ordered Pairs,2,5,-3.0,3,0.8379449074988039,0.03843936315758523,0.3905837860053583,0.14059536049431046,0.5258006972679256,0.11989721705744476,0.3251420327215118,0.5503857905614081,False,True,False
Finding Slope from Ordered Pairs,3,5,-1.0,3,0.13179786240439217,0.28653088164742624,0.11576243717888045,0.05495740860213505,0.0001568218573934314,0.5150612087461248,0.006932190924633292,0.03883441727216699,False,False,True
Finding Slope from Ordered Pairs,4,5,-2.0,4,0.8137978197024772,0.15860229633879386,0.35244127884446463,0.1743818617907576,0.28192238725876567,0.6045212584549056,0.03562670436139152,0.3770260234351249,False,False,False
Algebraic Solving,0,389,-248.0,6,0.46147936225293185,0.3122116705145822,0.04730977034757329,0.19197630639825713,0.5289867068096293,0.122022325700081,0.10566045564117796,0.4498292688402143,False,False,False
Algebraic Solving,1,389,-250.0,6,0.2103825610738409,0.05157051906194132,0.12617134036967356,0.10911323128278679,0.28268718897718764,0.05564243204267813,0.23599448910175946,0.3479603055417023,False,False,False
Algebraic Solving,2,389,-249.0,5,0.8379449074988039,0.03843936315758523,0.3905837860053583,0.14059536049431046,0.43377050898989056,0.03167567993079427,0.21014182517231597,0.4088066604602064,False,False,False
Algebraic Solving,3,389,-250.0,7,0.13179786240439217,0.28653088164742624,0.11576243717888045,0.05495740860213505,0.27734257310648824,0.06710554445819131,0.23051656725669628,0.35697715353197085,False,False,False
Algebraic Solving,4,389,-248.0,5,0.8137978197024772,0.15860229633879386,0.35244127884446463,0.1743818617907576,0.4733407861067217,0.06346986171616646,0.16881347921759549,0.4205171574564674,False,False,False
Percents,0,117,-68.0,6,0.46147936225293185,0.3122116705145822,0.04730977034757329,0.19197630639825713,0.3318346570948422,0.0574072838722017,0.133859339071569,0.18441273558182875,False,False,False
Percents,1,117,-67.0,3,0.2103825610738409,0.05157051906194132,0.12617134036967356,0.10911323128278679,0.2559344550678238,0.04554883170568829,0.16076606826069692,0.0786155461016038,False,False,False
Percents,2,117,-69.0,3,0.8379449074988039,0.03843936315758523,0.3905837860053583,0.14059536049431046,0.4421088182550737,0.01495334040946399,0.1367950647562098,0.3114787335860084,False,False,False
Percents,3,117,-67.0,5,0.13179786240439217,0.28653088164742624,0.11576243717888045,0.05495740860213505,0.2387397233398993,0.049311540758572005,0.16437593154884805,0.05693211599667585,False,False,False
Percents,4,117,-69.0,4,0.8137978197024772,0.15860229633879386,0.35244127884446463,0.1743818617907576,0.42634512659534385,0.0402332369799075,0.1263554337140448,0.30179220558189046,False,False,False
Rate,0,91,-57.0,3,0.46147936225293185,0.3122116705145822,0.04730977034757329,0.19197630639825713,0.38117444711827614,0.2930579633060869,0.042038298629107566,0.34700999634990315,False,False,False
Rate,1,91,-58.0,3,0.2103825610738409,0.05157051906194132,0.12617134036967356,0.10911323128278679,0.2032549896770168,0.12976748432412705,0.20016093652741804,0.22259951621499588,False,False,False
Rate,2,91,-58.0,3,0.8379449074988039,0.03843936315758523,0.3905837860053583,0.14059536049431046,0.5502504847988768,0.016104636595706538,0.1331400029741789,0.4390396089879252,False,False,False
Rate,3,91,-58.0,3,0.13179786240439217,0.28653088164742624,0.11576243717888045,0.05495740860213505,0.12261577104382693,0.21783395702678238,0.1836410334807437,0.15394214205648485,False,False,False
Rate,4,91,-57.0,4,0.8137978197024772,0.15860229633879386,0.35244127884446463,0.1743818617907576,0.5617568013435489,0.07435446425120626,0.09191024560440794,0.4410055248680167,False,False,False
Percent Discount,0,47,-26.0,4,0.46147936225293185,0.3122116705145822,0.04730977034757329,0.19197630639825713,0.3735448522381036,0.1602681210665868,0.07390998795444384,0.5503859467169314,False,True,False
Percent Discount,1,47,-26.0,3,0.2103825610738409,0.05157051906194132,0.12617134036967356,0.10911323128278679,0.12019050964439293,0.033315887767792325,0.17944747738420253,0.3008648980282025,False,False,False
Percent Discount,2,47,-25.0,3,0.8379449074988039,0.03843936315758523,0.3905837860053583,0.14059536049431046,0.534476262593997,0.008135705476368958,0.12040789492963119,0.6640758472922942,False,True,False
Percent Discount,3,47,-26.0,4,0.13179786240439217,0.28653088164742624,0.11576243717888045,0.05495740860213505,0.06640635256093688,0.05944317006185679,0.18846620201382647,0.13619529571507719,False,False,False
Percent Discount,4,47,-25.0,3,0.8137978197024772,0.15860229633879386,0.35244127884446463,0.1743818617907576,0.5494464164865026,0.04176638718085915,0.10873171566814302,0.6647376399001932,False,True,False
Algebraic Simplification,0,90,-54.0,3,0.46147936225293185,0.3122116705145822,0.04730977034757329,0.19197630639825713,0.28835541417659843,0.1043156937547898,0.1402641648238176,0.22436124169958718,False,False,False
Algebraic Simplification,1,90,-53.0,3,0.2103825610738409,0.05157051906194132,0.12617134036967356,0.10911323128278679,0.1978102817907294,0.09521026670033564,0.17726417416001886,0.1572563790425242,False,False,False
Algebraic Simplification,2,90,-54.0,3,0.8379449074988039,0.03843936315758523,0.3905837860053583,0.14059536049431046,0.4544184556717073,0.0370717758346824,0.17014736147357354,0.2963996411904514,False,False,False
Algebraic Simplification,3,90,-53.0,4,0.13179786240439217,0.28653088164742624,0.11576243717888045,0.05495740860213505,0.13464791983989893,0.10975570576287268,0.18137697879072845,0.12290717347867214,False,False,False
Algebraic Simplification,4,90,-54.0,3,0.8137978197024772,0.15860229633879386,0.35244127884446463,0.1743818617907576,0.4272436969030163,0.05595765492831503,0.15544002309349864,0.2793664344262163,False,False,False
Reading a Ruler or Scale,0,5,0.0,3,0.46147936225293185,0.3122116705145822,0.04730977034757329,0.19197630639825713,0.1472535497643256,1.0,0.0,1.0,True,True,True
Reading a Ruler or Scale,1,5,0.0,3,0.2103825610738409,0.05157051906194132,0.12617134036967356,0.10911323128278679,0.03219812615808944,1.0,0.0,1.0,True,True,True
Reading a Ruler or Scale,2,5,0.0,3,0.8379449074988039,0.03843936315758523,0.3905837860053583,0.14059536049431046,0.5439861261901349,1.0,0.0,1.0,True,True,True
Reading a Ruler or Scale,3,5,0.0,3,0.13179786240439217,0.28653088164742624,0.11576243717888045,0.05495740860213505,0.009346874601070825,1.0,0.0,1.0,True,True,True
Reading a Ruler or Scale,4,5,0.0,3,0.8137978197024772,0.15860229633879386,0.35244127884446463,0.1743818617907576,0.5406393790467081,1.0,0.0,1.0,True,True,True
Solving Systems of Linear Equations,0,234,-100.0,3,0.46147936225293185,0.3122116705145822,0.04730977034757329,0.19197630639825713,0.10304096513312079,0.05739211542652915,0.04131650779969882,0.504320906204665,False,True,False
Solving Systems of Linear Equations,1,234,-103.0,4,0.2103825610738409,0.05157051906194132,0.12617134036967356,0.10911323128278679,0.006731068123271456,0.030979637691566003,0.10488460268211591,0.39143564570207456,False,False,False
Solving Systems of Linear Equations,2,234,-100.0,8,0.8379449074988039,0.03843936315758523,0.3905837860053583,0.14059536049431046,0.15395825066539073,0.04301728689830768,0.050916611545197624,0.5108271759020044,False,True,False
Solving Systems of Linear Equations,3,234,-102.0,5,0.13179786240439217,0.28653088164742624,0.11576243717888045,0.05495740860213505,0.0012520231752314295,0.044366160236974164,0.08499213451020138,0.4404340840497015,False,False,False
Solving Systems of Linear Equations,4,234,-100.0,6,0.8137978197024772,0.15860229633879386,0.35244127884446463,0.1743818617907576,0.1608392926537158,0.042279368240184974,0.050545757187051246,0.512573210088094,False,True,False
Simplifying Expressions positive exponents,0,108,-64.0,5,0.46147936225293185,0.3122116705145822,0.04730977034757329,0.19197630639825713,0.013267394264292392,0.8976970737258276,0.00018397006400604806,0.31711027869571906,False,False,True
Simplifying Expressions positive exponents,1,108,-70.0,3,0.2103825610738409,0.05157051906194132,0.12617134036967356,0.10911323128278679,0.24487923352731605,0.08682675788794017,0.4565869158740462,0.2646642109749791,False,False,False
Simplifying Expressions positive exponents,2,108,-69.0,3,0.8379449074988039,0.03843936315758523,0.3905837860053583,0.14059536049431046,0.5633321298384512,0.02338260902110175,0.5017501570632197,0.26472203782380804,False,True,False
Simplifying Expressions positive exponents,3,108,-70.0,4,0.13179786240439217,0.28653088164742624,0.11576243717888045,0.05495740860213505,0.019837825143451913,0.11854191326210206,0.47433104311873037,0.26787084439306036,False,False,False
Simplifying Expressions positive exponents,4,108,-69.0,3,0.8137978197024772,0.15860229633879386,0.35244127884446463,0.1743818617907576,0.5891865218579101,0.03484395309687565,0.4701705329419422,0.27929663287517814,False,False,False
"Parts of a Polyomial, Terms, Coefficient, Monomial, Exponent, Variable",0,1190,-608.0,3,0.46147936225293185,0.3122116705145822,0.04730977034757329,0.19197630639825713,0.33153788149919505,0.011475663219708051,0.14509128290726414,0.22035435111277174,False,False,False
"Parts of a Polyomial, Terms, Coefficient, Monomial, Exponent, Variable",1,1190,-596.0,4,0.2103825610738409,0.05157051906194132,0.12617134036967356,0.10911323128278679,0.33107518533296265,0.007284739556987147,0.27517901090713015,0.1324749508300097,False,False,False
"Parts of a Polyomial, Terms, Coefficient, Monomial, Exponent, Variable",2,1190,-563.0,3,0.8379449074988039,0.03843936315758523,0.3905837860053583,0.14059536049431046,0.33116218642576917,0.0053347079299607995,0.3687092192759324,0.020816286514150118,False,False,False
"Parts of a Polyomial, Terms, Coefficient, Monomial, Exponent, Variable",3,1190,-596.0,4,0.13179786240439217,0.28653088164742624,0.11576243717888045,0.05495740860213505,0.3310611256023352,0.007284979444699417,0.2751764077655758,0.1324787895429498,False,False,False
"Parts of a Polyomial, Terms, Coefficient, Monomial, Exponent, Variable",4,1190,-596.0,3,0.8137978197024772,0.15860229633879386,0.35244127884446463,0.1743818617907576,0.33098265173810315,0.007285962985981822,0.2751850808223839,0.1324953034614674,False,False,False
Finding Slope From Equation,0,757,-263.0,3,0.46147936225293185,0.3122116705145822,0.04730977034757329,0.19197630639825713,0.8332857529346369,0.03722426401565643,0.00020188807748061408,0.11249197797603827,False,False,True
Finding Slope From Equation,1,757,-263.0,3,0.2103825610738409,0.05157051906194132,0.12617134036967356,0.10911323128278679,0.8332222466167174,0.03722943936071299,0.00044008089680219156,0.11249284814771159,False,False,True
Finding Slope From Equation,2,757,-263.0,4,0.8379449074988039,0.03843936315758523,0.3905837860053583,0.14059536049431046,0.8333263758759067,0.03721962564125045,3.699211087995066e-05,0.11248979847689324,False,False,True
Finding Slope From Equation,3,757,-263.0,4,0.13179786240439217,0.28653088164742624,0.11576243717888045,0.05495740860213505,0.8333199878662371,0.03721993698336184,6.981825458799946e-05,0.11249002801046624,False,False,True
Finding Slope From Equation,4,757,-263.0,3,0.8137978197024772,0.15860229633879386,0.35244127884446463,0.1743818617907576,0.8331296569487936,0.037234851376106895,0.0008659729357198661,0.11249515272584097,False,False,True
Recognize Quadratic Pattern,0,113,-18.0,3,0.46147936225293185,0.3122116705145822,0.04730977034757329,0.19197630639825713,0.49998793809253855,0.020023293350977224,2.1287568609493015e-05,0.048496216295242645,False,False,True
Recognize Quadratic Pattern,1,113,-18.0,3,0.2103825610738409,0.05157051906194132,0.12617134036967356,0.10911323128278679,0.4999600883121877,0.020021651623095712,6.943894365448236e-05,0.048430580279037766,False,False,True
Recognize Quadratic Pattern,2,113,-18.0,4,0.8379449074988039,0.03843936315758523,0.3905837860053583,0.14059536049431046,0.49999625501369704,0.02002084139688126,7.121467766151813e-06,0.048405230199764976,False,False,True
Recognize Quadratic Pattern,3,113,-18.0,3,0.13179786240439217,0.28653088164742624,0.11576243717888045,0.05495740860213505,0.49988237239772576,0.020023449829684098,0.000125802146132022,0.048425785549761326,False,False,True
Recognize Quadratic Pattern,4,113,-18.0,3,0.8137978197024772,0.15860229633879386,0.35244127884446463,0.1743818617907576,0.4998912418369841,0.020023467145861906,0.00019337088445743185,0.048493340801616346,False,False,True
