skill,n,method,seed,iters,prior,learn,guess,slip,auc,rmse,ll,failed,implausible,boundary,never_learns,ll_mle,auc_mle,d_ll,d_auc
Percent Of,22908,MLE,0,35,0.0593885632021858,0.0119971187802197,0.5401344569001006,0.0007283302196637,0.917939257750235,0.3640180617751029,-0.4236750618828785,,True,True,True,-0.4236750618828785,0.917939257750235,0.0,0.0
Percent Of,22908,MLE,1,38,0.0593885720523948,0.0119971413279956,0.540134414559671,0.0007283367129754,0.9179522169262389,0.3640180696533217,-0.4236750605691692,,True,True,True,-0.4236750605691692,0.9179522169262389,0.0,0.0
Percent Of,22908,MLE,2,28,0.0593885582107833,0.0119971203705602,0.54013445515479,0.0007283303265435,0.9177439791668284,0.3640180616361106,-0.4236750617414136,,True,True,True,-0.4236750617414136,0.9177439791668284,0.0,0.0
Percent Of,22908,MAP weak (10 counts each),0,45,0.0682737816717821,0.0123392694490684,0.5388309086894421,0.0010868247471851,0.9159714878689156,0.3644649365959853,-0.4237291272358797,,True,False,True,-0.4236750618828785,0.917939257750235,-5.4065353001175875e-05,-0.0019677698813194144
Percent Of,22908,MAP weak (10 counts each),1,48,0.0682737816527341,0.0123392695252952,0.5388309085580929,0.0010868247663728,0.9159232149383012,0.3644649365959547,-0.4237291272321734,,True,False,True,-0.4236750605691692,0.9179522169262389,-5.4066663004170845e-05,-0.002029001987937651
Percent Of,22908,MAP weak (10 counts each),2,38,0.068273781675572,0.0123392694263932,0.538830908728949,0.0010868247413334,0.9159703539410152,0.364464936595851,-0.4237291272369539,,True,False,True,-0.4236750617414136,0.9177439791668284,-5.4065495540267516e-05,-0.0017736252258131469
Percent Of,22908,MAP strong (50 counts each),0,48,0.0984707167535178,0.0138447821048541,0.534052543465542,0.0025563195229104,0.9078617165206168,0.3656612119396758,-0.4241796103506287,,True,False,True,-0.4236750618828785,0.917939257750235,-0.0005045484677501655,-0.010077541229618237
Percent Of,22908,MAP strong (50 counts each),1,51,0.0984707167764552,0.0138447821180444,0.5340525434359613,0.0025563195298602,0.9078544269841146,0.3656612119420687,-0.4241796103517369,,True,False,True,-0.4236750605691692,0.9179522169262389,-0.0005045497825676981,-0.010097789942124291
Percent Of,22908,MAP strong (50 counts each),2,41,0.0984707166983313,0.0138447820731201,0.5340525435367074,0.0025563195061901,0.9078954913730763,0.3656612119339182,-0.4241796103479625,,True,False,True,-0.4236750617414136,0.9177439791668284,-0.0005045486065488602,-0.009848487793752025
Addition and Subtraction Integers,22895,MLE,0,23,0.5747297615596575,0.0079751630598366,0.4296786103986434,0.0982558277681723,0.8557578203350686,0.397413436326867,-0.4857515300994013,,False,False,True,-0.4857515300994013,0.8557578203350686,0.0,0.0
Addition and Subtraction Integers,22895,MLE,1,24,0.5747304081009093,0.007974957824949,0.4296788436280135,0.098255893594938,0.8557592076867719,0.3974134426582299,-0.4857515035511194,,False,False,True,-0.4857515035511194,0.8557592076867719,0.0,0.0
Addition and Subtraction Integers,22895,MLE,2,21,0.5747298890357739,0.0079754708205514,0.4296779766977393,0.0982558594476516,0.8557567104537062,0.3974134331519063,-0.4857516096198206,,False,False,True,-0.4857516096198206,0.8557567104537062,0.0,0.0
Addition and Subtraction Integers,22895,MAP weak (10 counts each),0,32,0.5725277769942587,0.0086822331651601,0.4288911275141375,0.0981268092941244,0.8556860665049791,0.3974079268220139,-0.4858747514094312,,False,False,True,-0.4857515300994013,0.8557578203350686,-0.00012322131002989734,-7.175383008950487e-05
Addition and Subtraction Integers,22895,MAP weak (10 counts each),1,34,0.5725276753672898,0.0086822349487152,0.4288911506529017,0.0981267971916771,0.8556862884812516,0.3974079262157559,-0.4858747481433823,,False,False,True,-0.4857515035511194,0.8557592076867719,-0.0001232445922628722,-7.29192055203276e-05
Addition and Subtraction Integers,22895,MAP weak (10 counts each),2,30,0.5725277874466275,0.0086822345437122,0.4288911220947169,0.0981268106467967,0.8556860665049791,0.3974079268814547,-0.4858747521474429,,False,False,True,-0.4857516096198206,0.8557567104537062,-0.0001231425276222997,-7.064394872702273e-05
Addition and Subtraction Integers,22895,MAP strong (50 counts each),0,34,0.5651625745360089,0.0112401642110265,0.4260085357801065,0.0977571446140963,0.8545629775542033,0.3974420844756395,-0.4863992822430498,,False,False,True,-0.4857515300994013,0.8557578203350686,-0.0006477521436484834,-0.0011948427808653461
Addition and Subtraction Integers,22895,MAP strong (50 counts each),1,35,0.5651625695290948,0.0112401642938446,0.4260085369879903,0.0977571439931269,0.8545629775542033,0.3974420844451913,-0.4863992820748767,,False,False,True,-0.4857515035511194,0.8557592076867719,-0.000647778523757303,-0.001196230132568643
Addition and Subtraction Integers,22895,MAP strong (50 counts each),2,32,0.5651625833496658,0.011240164068762,0.4260085336470521,0.0977571457076143,0.8545623116253858,0.3974420845293412,-0.4863992825401458,,False,False,True,-0.4857516096198206,0.8557567104537062,-0.000647672920325193,-0.0011943988283203977
Conversion of Fraction Decimals Percents,20990,MLE,0,30,0.613416332236512,0.0117156486385266,0.4040980465271175,0.1865913294900127,0.693743401452987,0.4544422768946417,-0.6005604027136741,,False,False,True,-0.6005604027136741,0.693743401452987,0.0,0.0
Conversion of Fraction Decimals Percents,20990,MLE,1,32,0.6134152464868207,0.0117157009823991,0.4040982760114981,0.1865910916641036,0.693743401452987,0.4544422742214183,-0.6005603914905193,,False,False,True,-0.6005603914905193,0.693743401452987,0.0,0.0
Conversion of Fraction Decimals Percents,20990,MLE,2,21,0.613422319348833,0.0117156152470625,0.4040961560537765,0.1865927973393518,0.6937428787957979,0.454442284787989,-0.6005604614002757,,False,False,True,-0.6005604614002757,0.6937428787957979,0.0,0.0
Conversion of Fraction Decimals Percents,20990,MAP weak (10 counts each),0,45,0.6091680088602586,0.0123876059160466,0.4038385144899396,0.1859893266836029,0.6937598651544452,0.4544206474337555,-0.6005141305074476,,False,False,True,-0.6005604027136741,0.693743401452987,4.6272206226438684e-05,1.6463701458246938e-05
Conversion of Fraction Decimals Percents,20990,MAP weak (10 counts each),1,46,0.6091680550232123,0.0123876036578107,0.4038385046608628,0.1859893368552736,0.6937598651544452,0.4544206475388097,-0.6005141309669859,,False,False,True,-0.6005603914905193,0.693743401452987,4.6260523533403486e-05,1.6463701458246938e-05
Conversion of Fraction Decimals Percents,20990,MAP weak (10 counts each),2,38,0.6091680098939622,0.0123876058748442,0.403838514246944,0.1859893269173748,0.6937598651544452,0.454420647435896,-0.6005141305177064,,False,False,True,-0.6005604614002757,0.6937428787957979,4.6330882569334264e-05,1.6986358647330668e-05
Conversion of Fraction Decimals Percents,20990,MAP strong (50 counts each),0,48,0.5946206051209528,0.0148733760040121,0.4027239518910514,0.1839486402717671,0.6935505409501908,0.4543645836890904,-0.6003994447414156,,False,False,True,-0.6005604027136741,0.693743401452987,0.00016095797225845754,-0.00019286050279621048
Conversion of Fraction Decimals Percents,20990,MAP strong (50 counts each),1,49,0.5946206123971686,0.0148733756841522,0.4027239501649951,0.1839486419548383,0.6935505409501908,0.4543645837007312,-0.6003994448062636,,False,False,True,-0.6005603914905193,0.693743401452987,0.0001609466842557028,-0.00019286050279621048
Conversion of Fraction Decimals Percents,20990,MAP strong (50 counts each),2,43,0.594620604511931,0.0148733760308659,0.4027239520353258,0.1839486401309527,0.6935505409501908,0.4543645836881153,-0.6003994447359899,,False,False,True,-0.6005604614002757,0.6937428787957979,0.00016101666428580685,-0.00019233784560712675
Volume Rectangular Prism,19489,MLE,0,9,0.9201911524257772,0.0056938005353686,0.2191828533794469,0.052002955062499,0.8431195639836725,0.2045878963808405,-0.1804099645744304,,False,False,True,-0.1804099645744304,0.8431195639836725,0.0,0.0
Volume Rectangular Prism,19489,MLE,1,7,0.9201918754545032,0.0056937935345796,0.2191826953301536,0.0520029705714401,0.8431195639836725,0.2045879008836866,-0.1804099774771305,,False,False,True,-0.1804099774771305,0.8431195639836725,0.0,0.0
Volume Rectangular Prism,19489,MLE,2,10,0.9201960476433528,0.005693737870764,0.2191818151406936,0.05200305964284,0.8431208776657236,0.2045879277543045,-0.1804100518346059,,False,False,True,-0.1804100518346059,0.8431208776657236,0.0,0.0
Volume Rectangular Prism,19489,MAP weak (10 counts each),0,14,0.8999407589545861,0.0071372713937516,0.2199979339205693,0.0519335251974852,0.8431174620923907,0.2045294373937673,-0.1803088603935901,,False,False,True,-0.1804099645744304,0.8431195639836725,0.0001011041808403057,-2.1018912818027147e-06
Volume Rectangular Prism,19489,MAP weak (10 counts each),1,11,0.8999407601146345,0.007137271374405,0.2199979336544497,0.0519335252222512,0.8431108936821352,0.2045294373987084,-0.1803088604100089,,False,False,True,-0.1804099774771305,0.8431195639836725,0.00010111706712159774,-8.670301537283542e-06
Volume Rectangular Prism,19489,MAP weak (10 counts each),2,14,0.8999407579171866,0.0071372714111605,0.2199979341583075,0.0519335251753427,0.8431227168205953,0.2045294373893469,-0.1803088603789125,,False,False,True,-0.1804100518346059,0.8431208776657236,0.00010119145569340016,1.8391548716190087e-06
Volume Rectangular Prism,19489,MAP strong (50 counts each),0,14,0.8357752621038975,0.012814627503158,0.2221050426630529,0.0517914863437094,0.8425764878237438,0.204774806199176,-0.1805921335106302,,False,False,True,-0.1804099645744304,0.8431195639836725,-0.00018216893619979468,-0.0005430761599286571
Volume Rectangular Prism,19489,MAP strong (50 counts each),1,13,0.835775264518151,0.0128146274313161,0.2221050420059836,0.0517914863973387,0.8425778015057949,0.2047748062007529,-0.1805921335298011,,False,False,True,-0.1804099774771305,0.8431195639836725,-0.00018215605267060675,-0.0005417624778776275
Volume Rectangular Prism,19489,MAP strong (50 counts each),2,14,0.8357752620209893,0.0128146275056218,0.2221050426856256,0.0517914863418673,0.8425817425519482,0.2047748061991216,-0.1805921335099714,,False,False,True,-0.1804100518346059,0.8431208776657236,-0.00018208167536548636,-0.0005391351137754574
Venn Diagram,18275,MLE,0,21,0.7881534485583871,0.0529068227067863,0.0695357213185434,0.1378753673654,0.7350540375938371,0.3335459821461373,-0.3781037861939253,,False,False,False,-0.3781037861939253,0.7350540375938371,0.0,0.0
Venn Diagram,18275,MLE,1,20,0.7881534124120149,0.0529068333784619,0.0695357241345482,0.1378753655625767,0.7350514181184745,0.3335459818206495,-0.3781037855131058,,False,False,False,-0.3781037855131058,0.7350514181184745,0.0,0.0
Venn Diagram,18275,MLE,2,28,0.0889534442353034,0.0154739861468348,0.5732942156390622,3.831948454423214e-11,0.9314660112157204,0.298907780837945,-0.294580681827078,,True,True,True,-0.294580681827078,0.9314660112157204,0.0,0.0
Venn Diagram,18275,MAP weak (10 counts each),0,32,0.7736773782810902,0.056298705072624,0.0717155661337525,0.1374088343021015,0.7354945460340051,0.3334409588397892,-0.3778980904290088,,False,False,False,-0.3781037861939253,0.7350540375938371,0.00020569576491652475,0.00044050844016796376
Venn Diagram,18275,MAP weak (10 counts each),1,31,0.7736773791841017,0.0562987048156063,0.0717155660197863,0.1374088343503428,0.7354954191924594,0.3334409588477195,-0.3778980904455234,,False,False,False,-0.3781037855131058,0.7350514181184745,0.00020569506758238987,0.00044400107398490096
Venn Diagram,18275,MAP weak (10 counts each),2,31,0.1022836611359643,0.0158750160895936,0.5719666365093764,0.0002136678604694,0.9227686981425738,0.3028557197678197,-0.2990444629788534,,True,True,True,-0.294580681827078,0.9314660112157204,-0.0044637811517754256,-0.008697313073146584
Venn Diagram,18275,MAP strong (50 counts each),0,32,0.7261968145487625,0.0676910567660387,0.0800204610062847,0.1358299211994537,0.7382172723839627,0.3331275719001491,-0.377311967455238,,False,False,False,-0.3781037861939253,0.7350540375938371,0.0007918187386873332,0.003163234790125591
Venn Diagram,18275,MAP strong (50 counts each),1,31,0.7261968157419494,0.0676910564379727,0.0800204607712845,0.1358299212700394,0.7382174906735763,0.3331275719094118,-0.377311967474303,,False,False,False,-0.3781037855131058,0.7350514181184745,0.000791818038802794,0.0031660725551018176
Venn Diagram,18275,MAP strong (50 counts each),2,37,0.1478817891901765,0.0177895490626927,0.5662916306999213,0.0012493589289317,0.916349455476559,0.303988817341717,-0.2994114042759926,,True,False,True,-0.294580681827078,0.9314660112157204,-0.004830722448914637,-0.015116555739161375
Equation Solving Two or Fewer Steps,17311,MLE,0,62,0.7149245541917222,0.040685658046139,0.2241915651515348,0.2705544262374193,0.6812357375800628,0.4548260729275404,-0.6030965662353059,,False,False,False,-0.6030965662353059,0.6812357375800628,0.0,0.0
Equation Solving Two or Fewer Steps,17311,MLE,1,60,0.7150429262670566,0.0406915473824821,0.2240634573549318,0.2705824401602134,0.6812298679768767,0.4548289007070228,-0.603102117601716,,False,False,False,-0.603102117601716,0.6812298679768767,0.0,0.0
Equation Solving Two or Fewer Steps,17311,MLE,2,104,0.7149223992285032,0.040685550617452,0.2241938976103421,0.2705539161508627,0.6812360239021695,0.4548260214887861,-0.6030964652556812,,False,False,False,-0.6030964652556812,0.6812360239021695,0.0,0.0
Equation Solving Two or Fewer Steps,17311,MAP weak (10 counts each),0,99,0.7050158447551315,0.0426782414828204,0.2270931679608478,0.2694135677942189,0.6812972968329911,0.4547083546750632,-0.6028738869478426,,False,False,False,-0.6030965662353059,0.6812357375800628,0.00022267928746333432,6.155925292827824e-05
Equation Solving Two or Fewer Steps,17311,MAP weak (10 counts each),1,101,0.7050181684175384,0.0426783892663898,0.2270906171486822,0.2694141294971021,0.6812977263161512,0.4547084080835586,-0.6028739916631716,,False,False,False,-0.603102117601716,0.6812298679768767,0.0002281259385443768,6.78583392744736e-05
Equation Solving Two or Fewer Steps,17311,MAP weak (10 counts each),2,146,0.7050158532862019,0.0426782420254103,0.2270931585957893,0.2694135698564598,0.6812977263161512,0.4547083548711437,-0.6028738873322874,,False,False,False,-0.6030964652556812,0.6812360239021695,0.00022257792339375193,6.170241398162357e-05
Equation Solving Two or Fewer Steps,17311,MAP strong (50 counts each),0,96,0.6727689218162712,0.0495032283097692,0.2353675221208656,0.265788410456126,0.6816875538643462,0.4544197705157973,-0.6023404490600077,,False,False,False,-0.6030965662353059,0.6812357375800628,0.000756117175298221,0.0004518162842833684
Equation Solving Two or Fewer Steps,17311,MAP strong (50 counts each),1,125,0.672769916065325,0.0495033424687947,0.2353663584497055,0.2657886746693512,0.6816872675422397,0.4544197915022985,-0.6023404902461957,,False,False,False,-0.603102117601716,0.6812298679768767,0.0007616273555202113,0.00045739956536305915
Equation Solving Two or Fewer Steps,17311,MAP strong (50 counts each),2,172,0.6727689246220373,0.0495032286319287,0.2353675188369841,0.2657884112017375,0.681687410703293,0.4544197705750207,-0.6023404491762342,,False,False,False,-0.6030964652556812,0.6812360239021695,0.000756016079446975,0.0004513868011234434
Volume Cylinder,13734,MLE,0,13,0.663753587034117,0.012270991062187,0.0098642467170892,0.1343445648923243,0.9590883383253404,0.2427978697919783,-0.223425654266766,,False,False,True,-0.223425654266766,0.9590883383253404,0.0,0.0
Volume Cylinder,13734,MLE,1,13,0.6637546205482728,0.0122709397490583,0.0098642210146358,0.1343446326702649,0.959099880538098,0.2427978864822354,-0.2234256622001051,,False,False,True,-0.2234256622001051,0.959099880538098,0.0,0.0
Volume Cylinder,13734,MLE,2,11,0.5021978020027964,0.0127691692573303,0.1111356173666018,0.0746050445922993,0.9560475423743484,0.2503099839874674,-0.2443847265673782,,False,False,True,-0.2443847265673782,0.9560475423743484,0.0,0.0
Volume Cylinder,13734,MAP weak (10 counts each),0,19,0.6515081593392006,0.0130792609318325,0.0105949633974306,0.1338912681978672,0.9591016118700116,0.2426328185034708,-0.223514090945083,,False,False,True,-0.223425654266766,0.9590883383253404,-8.843667831701096e-05,1.3273544671288384e-05
Volume Cylinder,13734,MAP weak (10 counts each),1,19,0.6515081621077374,0.0130792607865817,0.010594963331079,0.1338912683812611,0.9591016118700116,0.2426328185440565,-0.2235140909609206,,False,False,True,-0.2234256622001051,0.959099880538098,-8.842876081549544e-05,1.7313319136125216e-06
Volume Cylinder,13734,MAP weak (10 counts each),2,17,0.4998337421644663,0.0133144602548551,0.1113363350032381,0.0745234446959202,0.956040617046694,0.2503154160378552,-0.2444938461349414,,False,False,True,-0.2443847265673782,0.9560475423743484,-0.00010911956756320951,-6.925327654450086e-06
Volume Cylinder,13734,MAP strong (50 counts each),0,18,0.6152223122293012,0.0160440279524428,0.0132494691863012,0.1325242256849011,0.9591073829763904,0.2422689922256715,-0.2241112729393705,,False,False,True,-0.223425654266766,0.9590883383253404,-0.0006856186726044988,1.9044651050070804e-05
Volume Cylinder,13734,MAP strong (50 counts each),1,18,0.6152223127446294,0.0160440279195206,0.013249469177266,0.1325242257191118,0.9591073829763904,0.2422689922308844,-0.2241112729391385,,False,False,True,-0.2234256622001051,0.959099880538098,-0.0006856107390333932,7.502438292394942e-06
Volume Cylinder,13734,MAP strong (50 counts each),2,16,0.4932948610114321,0.0154011392158559,0.1121086002452801,0.0742847788502352,0.9561023678849472,0.2503586049680603,-0.2449459536056805,,False,False,True,-0.2443847265673782,0.9560475423743484,-0.0005612270383023032,5.482551059876606e-05
Area Rectangle,12836,MLE,0,12,0.9002173316355607,0.0133942188082943,3.438751829766225e-11,0.025773658423668,0.9104190281085242,0.1453151640390916,-0.1030859847399684,,False,True,True,-0.1030859847399684,0.9104190281085242,0.0,0.0
Area Rectangle,12836,MLE,1,11,0.9002173316056021,0.0133942188168526,2.6893407109134897e-11,0.0257736584230556,0.9104131786653912,0.1453151640389816,-0.1030859847393221,,False,True,True,-0.1030859847393221,0.9104131786653912,0.0,0.0
Area Rectangle,12836,MLE,2,12,0.9002173316492639,0.0133942188070953,3.2840865036140065e-11,0.0257736584240767,0.9104131786653912,0.1453151640390902,-0.1030859847399811,,False,True,True,-0.1030859847399811,0.9104131786653912,0.0,0.0
Area Rectangle,12836,MAP weak (10 counts each),0,12,0.8744916582540557,0.0157421335513724,0.0026118622187442,0.0257767957944907,0.9075060054282832,0.1454523909195452,-0.1032727288047439,,False,False,True,-0.1030859847399684,0.9104190281085242,-0.00018674406477550698,-0.002913022680240962
Area Rectangle,12836,MAP weak (10 counts each),1,11,0.8744916582630293,0.0157421335592599,0.0026118622014113,0.0257767957951686,0.9075060054282832,0.1454523909186156,-0.1032727288038488,,False,False,True,-0.1030859847393221,0.9104131786653912,-0.000186744064526706,-0.002907173237107985
Area Rectangle,12836,MAP weak (10 counts each),2,12,0.8744916582582132,0.0157421335517676,0.0026118622167287,0.0257767957946513,0.9075118548714164,0.1454523909194329,-0.1032727288046467,,False,False,True,-0.1030859847399811,0.9104131786653912,-0.00018674406466560878,-0.002901323793974786
Area Rectangle,12836,MAP strong (50 counts each),0,12,0.7977025201151489,0.0244343115183835,0.0123918731263206,0.0258961669477004,0.9117345028753264,0.1464766833135178,-0.1045994460257213,,False,False,False,-0.1030859847399684,0.9104190281085242,-0.0015134612857529012,0.0013154747668022715
Area Rectangle,12836,MAP strong (50 counts each),1,11,0.797702520153692,0.0244343115194254,0.0123918731090161,0.0258961669490003,0.9117286534321932,0.1464766833122922,-0.1045994460245143,,False,False,False,-0.1030859847393221,0.9104131786653912,-0.0015134612851922108,0.0013154747668020494
Area Rectangle,12836,MAP strong (50 counts each),2,12,0.7977025201239436,0.0244343115183328,0.0123918731228697,0.0258961669479892,0.9117286534321932,0.146476683313264,-0.1045994460254688,,False,False,False,-0.1030859847399811,0.9104131786653912,-0.0015134612854877105,0.0013154747668020494
Addition and Subtraction Fractions,11334,MLE,0,36,0.7410531152853873,0.094737525131729,0.12341201396027,0.1930841220689056,0.7673497144671413,0.4158008299174499,-0.5260443755265227,,False,False,False,-0.5260443755265227,0.7673497144671413,0.0,0.0
Addition and Subtraction Fractions,11334,MLE,1,32,0.7410483059505147,0.0947386809223201,0.1234149153376303,0.1930830409560938,0.7673504295506844,0.4158008825076994,-0.5260445151789548,,False,False,False,-0.5260445151789548,0.7673504295506844,0.0,0.0
Addition and Subtraction Fractions,11334,MLE,2,36,0.7410524285435373,0.0947376875783808,0.1234124329536601,0.1930839670808423,0.7673500720089129,0.4158008374491799,-0.5260443955109286,,False,False,False,-0.5260443955109286,0.7673500720089129,0.0,0.0
Addition and Subtraction Fractions,11334,MAP weak (10 counts each),0,54,0.733513020590797,0.0972240521728906,0.1260880429831598,0.1919156701992261,0.7673372005051351,0.4158760457651616,-0.5262460517802762,,False,False,False,-0.5260443755265227,0.7673497144671413,-0.00020167625375344667,-1.2513962006188706e-05
Addition and Subtraction Fractions,11334,MAP weak (10 counts each),1,51,0.7335130347326811,0.0972240489223703,0.1260880343437256,0.1919156733715417,0.7673372005051351,0.4158760455898992,-0.5262460513380217,,False,False,False,-0.5260445151789548,0.7673504295506844,-0.00020153615906692846,-1.3229045549345564e-05
Addition and Subtraction Fractions,11334,MAP weak (10 counts each),2,54,0.7335130152699006,0.0972240533959889,0.1260880462335994,0.1919156690056589,0.7673368429633635,0.4158760458311034,-0.5262460519466733,,False,False,False,-0.5260443955109286,0.7673500720089129,-0.00020165643574465708,-1.3229045549456586e-05
Addition and Subtraction Fractions,11334,MAP strong (50 counts each),0,55,0.7072790724344686,0.1056793512144588,0.1353009853147362,0.1879124959967357,0.7672077703838139,0.4162055309206079,-0.5270548519436411,,False,False,False,-0.5260443755265227,0.7673497144671413,-0.0010104764171183778,-0.00014194408332734998
Addition and Subtraction Fractions,11334,MAP strong (50 counts each),1,51,0.7072790699866366,0.1056793516980596,0.1353009868668038,0.1879124954496204,0.7672070553002708,0.4162055309623049,-0.5270548520370889,,False,False,False,-0.5260445151789548,0.7673504295506844,-0.0010103368581341199,-0.0001433742504136637
Addition and Subtraction Fractions,11334,MAP strong (50 counts each),2,55,0.7072790704772842,0.1056793516010621,0.1353009865558172,0.1879124955592704,0.7672077703838138,0.4162055309539479,-0.5270548520183592,,False,False,False,-0.5260443955109286,0.7673500720089129,-0.0010104565074305905,-0.00014230162509909494
Area Triangle,10839,MLE,0,6,0.8351672370530908,0.0156924946535819,0.0798564715583281,0.0212413356259158,0.827155204186938,0.1947551820437711,-0.1699184851207804,,False,False,True,-0.1699184851207804,0.827155204186938,0.0,0.0
Area Triangle,10839,MLE,1,8,0.857160921785998,0.0170987057508541,7.7532301371972e-12,0.0290277051715087,0.7905517470145953,0.2072250634000766,-0.1846382230634381,,False,True,True,-0.1846382230634381,0.7905517470145953,0.0,0.0
Area Triangle,10839,MLE,2,6,0.8351668085555785,0.0156924978012706,0.0798565219756029,0.0212413314495577,0.8271505970809376,0.1947551758090877,-0.169918476030273,,False,False,True,-0.169918476030273,0.8271505970809376,0.0,0.0
Area Triangle,10839,MAP weak (10 counts each),0,9,0.8079963206648585,0.0180930501651674,0.0816971306936873,0.0213196806502512,0.8271912931839402,0.1946189693525592,-0.1697100072953959,,False,False,True,-0.1699184851207804,0.827155204186938,0.00020847782538449544,3.608899700224821e-05
Area Triangle,10839,MAP weak (10 counts each),1,8,0.8292471315939736,0.0199472470060938,0.0031356338614545,0.0290905259845293,0.7840534240011794,0.2073545029705407,-0.1849575391609151,,False,False,True,-0.1846382230634381,0.7905517470145953,-0.00031931609747698486,-0.006498323013415908
Area Triangle,10839,MAP weak (10 counts each),2,9,0.8079963201950271,0.0180930501689901,0.0816971307591748,0.0213196806459185,0.8271912931839402,0.1946189693446005,-0.1697100072848447,,False,False,True,-0.169918476030273,0.8271505970809376,0.00020846874542829186,4.069610300261317e-05
Area Triangle,10839,MAP strong (50 counts each),0,8,0.7325192873227219,0.0270922511945511,0.0883580911694095,0.0216822120997371,0.8291754201680672,0.1943836443441343,-0.1693942242920474,,False,False,False,-0.1699184851207804,0.827155204186938,0.0005242608287329975,0.0020202159811292253
Area Triangle,10839,MAP strong (50 counts each),1,9,0.7503808454166171,0.030471653083698,0.0149367101640321,0.029384993932825,0.7808223069929726,0.2080852197848519,-0.1863841764936142,,False,False,False,-0.1846382230634381,0.7905517470145953,-0.0017459534301760837,-0.009729440021622682
Area Triangle,10839,MAP strong (50 counts each),2,9,0.7325192883505356,0.0270922511852767,0.0883580909564889,0.0216822121077693,0.8291754201680672,0.1943836443583087,-0.1693942243196554,,False,False,False,-0.169918476030273,0.8271505970809376,0.0005242517106175959,0.0020248230871295902
Proportion,9049,MLE,0,69,0.4713291551418816,0.0380241902363632,0.3945617656680451,0.1484619356031419,0.6621664694791548,0.4590404563223701,-0.6115053749973234,,False,False,False,-0.6115053749973234,0.6621664694791548,0.0,0.0
Proportion,9049,MLE,1,72,0.4713284227866243,0.0380241577946918,0.3945621431188216,0.1484616254281106,0.6621664694791548,0.4590404645965925,-0.6115053957101587,,False,False,False,-0.6115053957101587,0.6621664694791548,0.0,0.0
Proportion,9049,MLE,2,63,0.4713342394990414,0.0380244154764578,0.3945591451720751,0.1484640890123631,0.6621651188797588,0.4590403988779503,-0.6115052311978463,,False,False,False,-0.6115052311978463,0.6621651188797588,0.0,0.0
Proportion,9049,MAP weak (10 counts each),0,103,0.4735503846873306,0.0392471953834556,0.3916929642663042,0.1496531232801554,0.6621408080906306,0.4589898257288641,-0.6114310082741334,,False,False,False,-0.6115053749973234,0.6621664694791548,7.436672318994475e-05,-2.566138852422295e-05
Proportion,9049,MAP weak (10 counts each),1,105,0.473550506290719,0.0392472018712614,0.3916928978922168,0.1496531770542152,0.6621408080906306,0.4589898242804089,-0.6114310046511019,,False,False,False,-0.6115053957101587,0.6621664694791548,7.439105905682197e-05,-2.566138852422295e-05
Proportion,9049,MAP weak (10 counts each),2,97,0.4735504743658768,0.0392472001679998,0.3916929153175782,0.1496531629367739,0.6621408080906306,0.4589898246606755,-0.6114310056022655,,False,False,False,-0.6115052311978463,0.6621651188797588,7.422559558079023e-05,-2.431078912823459e-05
Proportion,9049,MAP strong (50 counts each),0,132,0.4839681695461429,0.0443446277482536,0.3786113753564776,0.1556952512760434,0.6616437875128982,0.4587817525798803,-0.6110790892022696,,False,False,False,-0.6115053749973234,0.6621664694791548,0.0004262857950537713,-0.0005226819662565996
Proportion,9049,MAP strong (50 counts each),1,135,0.4839681588183294,0.0443446267463386,0.378611382660494,0.1556952457975204,0.6616437875128982,0.4587817527203561,-0.6110790895683299,,False,False,False,-0.6115053957101587,0.6621664694791548,0.0004263061418288139,-0.0005226819662565996
Proportion,9049,MAP strong (50 counts each),2,127,0.4839681599661384,0.0443446268535374,0.3786113818790099,0.1556952463836877,0.6616437875128982,0.4587817527053261,-0.6110790895291638,,False,False,False,-0.6115052311978463,0.6621651188797588,0.00042614166868248926,-0.0005213313668606112
Ordering Fractions,8539,MLE,0,44,0.6140084748866083,0.062469847103168,0.530428906234686,0.0656861843381807,0.7392934351852584,0.3848772208007107,-0.4601034218941516,,True,False,False,-0.4601034218941516,0.7392934351852584,0.0,0.0
Ordering Fractions,8539,MLE,1,46,0.6140076667915318,0.0624697092505933,0.5304295097340299,0.0656859801819779,0.7392934351852584,0.3848772345550558,-0.4601034417997658,,True,False,False,-0.4601034417997658,0.7392934351852584,0.0,0.0
Ordering Fractions,8539,MLE,2,43,0.6140067347289951,0.062469557669943,0.530430194852509,0.0656857465128388,0.7392934351852584,0.3848772502121912,-0.4601034645258636,,True,False,False,-0.4601034645258636,0.7392934351852584,0.0,0.0
Ordering Fractions,8539,MAP weak (10 counts each),0,64,0.6122598146056769,0.0652464885713378,0.5257567665451969,0.0662758531425163,0.7395620209233557,0.3847922706544499,-0.4600158996315416,,True,False,False,-0.4601034218941516,0.7392934351852584,8.752226260999585e-05,0.00026858573809729336
Ordering Fractions,8539,MAP weak (10 counts each),1,66,0.6122598019078077,0.0652464863170768,0.5257567762992964,0.0662758498491933,0.7395620209233557,0.3847922708591614,-0.4600158999069026,,True,False,False,-0.4601034417997658,0.7392934351852584,8.754189286319658e-05,0.00026858573809729336
Ordering Fractions,8539,MAP weak (10 counts each),2,63,0.6122597949763631,0.0652464850873087,0.5257567816226623,0.0662758480516488,0.7395620209233557,0.3847922709708896,-0.4600159000571987,,True,False,False,-0.4601034645258636,0.7392934351852584,8.756446866486911e-05,0.00026858573809729336
Ordering Fractions,8539,MAP strong (50 counts each),0,70,0.607064125391896,0.075331184871404,0.5077562080450848,0.0688249846513869,0.738437647294262,0.3845624610183635,-0.4599237707370622,,True,False,False,-0.4601034218941516,0.7392934351852584,0.00017965115708939994,-0.0008557878909963845
Ordering Fractions,8539,MAP strong (50 counts each),1,71,0.6070641344584403,0.0753311869469894,0.5077561999849179,0.0688249873144164,0.738437647294262,0.3845624609091032,-0.4599237706605272,,True,False,False,-0.4601034417997658,0.7392934351852584,0.000179671139238613,-0.0008557878909963845
Ordering Fractions,8539,MAP strong (50 counts each),2,68,0.607064135175309,0.0753311871111011,0.5077561993476191,0.0688249875249758,0.738437647294262,0.3845624609004642,-0.4599237706544757,,True,False,False,-0.4601034645258636,0.7392934351852584,0.00017969387138788706,-0.0008557878909963845
Finding Percents,7640,MLE,0,23,0.3993238233954972,0.0799238419483465,0.113717450799639,0.1985560575043146,0.7793440140283756,0.4368335880277634,-0.5672000510452034,,False,False,False,-0.5672000510452034,0.7793440140283756,0.0,0.0
Finding Percents,7640,MLE,1,21,0.3993657233514021,0.0799215709987997,0.1137015202994647,0.1985701821030221,0.7793432169615813,0.4368339420093528,-0.5672009112439894,,False,False,False,-0.5672009112439894,0.7793432169615813,0.0,0.0
Finding Percents,7640,MLE,2,25,0.3993195314841359,0.0799240715508008,0.1137190887632197,0.1985546077476657,0.7793424198947871,0.4368335518183293,-0.5671999629044029,,False,False,False,-0.5671999629044029,0.7793424198947871,0.0,0.0
Finding Percents,7640,MAP weak (10 counts each),0,31,0.4005921022746808,0.0805199635755457,0.1143275239425183,0.198102035082556,0.7794914713853022,0.4367807949757306,-0.5670882850767521,,False,False,False,-0.5672000510452034,0.7793440140283756,0.00011176596845130504,0.00014745735692656137
Finding Percents,7640,MAP weak (10 counts each),1,29,0.4005941078753562,0.0805198604873724,0.1143267418330137,0.1981027273635648,0.7794914713853022,0.4367808121491404,-0.5670883266392194,,False,False,False,-0.5672009112439894,0.7793432169615813,0.00011258460477003851,0.00014825442372090603
Finding Percents,7640,MAP weak (10 counts each),2,34,0.4005922237089876,0.080519957314354,0.1143274766271164,0.1981020769791635,0.7794914713853021,0.4367807960157809,-0.5670882875929142,,False,False,False,-0.5671999629044029,0.7793424198947871,0.00011167531148870147,0.00014905149051491762
Finding Percents,7640,MAP strong (50 counts each),0,33,0.4051695822014837,0.0828527360147353,0.1167158799190651,0.1962900091204993,0.779495456719273,0.4365909440308419,-0.5666906435706328,,False,False,False,-0.5672000510452034,0.7793440140283756,0.0005094074745706223,0.00015144269089739648
Finding Percents,7640,MAP strong (50 counts each),1,32,0.4051698629932888,0.0828527256350202,0.1167157579272596,0.1962901159613496,0.7794962537860671,0.4365909465094656,-0.5666906495300994,,False,False,False,-0.5672009112439894,0.7793432169615813,0.0005102617138900145,0.00015303682448586375
Finding Percents,7640,MAP strong (50 counts each),2,35,0.4051695343009736,0.0828527377847239,0.1167159007311528,0.1962899908937374,0.7794954567192731,0.4365909436080214,-0.5666906425539943,,False,False,False,-0.5671999629044029,0.7793424198947871,0.0005093203504086263,0.00015303682448597478
Probability of Two Distinct Events,7453,MLE,0,49,0.60514005150129,0.0171600623024575,0.2904548641421397,0.3925648968524656,0.624421179489975,0.4876696108048283,-0.6684164805498238,,False,False,True,-0.6684164805498238,0.624421179489975,0.0,0.0
Probability of Two Distinct Events,7453,MLE,1,55,0.6053903877285511,0.017159206784888,0.2903675783257674,0.3926254113878948,0.624416759606984,0.4876697105583678,-0.6684165249067185,,False,False,True,-0.6684165249067185,0.624416759606984,0.0,0.0
Probability of Two Distinct Events,7453,MLE,2,65,0.6051404030866262,0.0171597924061932,0.2904553664404354,0.3925647793421734,0.6244226527843052,0.4876696293870638,-0.6684165198257931,,False,False,True,-0.6684165198257931,0.6244226527843052,0.0,0.0
Probability of Two Distinct Events,7453,MAP weak (10 counts each),0,58,0.584498735315273,0.0208018668841106,0.2902479752566402,0.3893874543140053,0.6251254141798686,0.4874427580007606,-0.6679488420721297,,False,False,False,-0.6684164805498238,0.624421179489975,0.00046763847769415445,0.000704234689893557
Probability of Two Distinct Events,7453,MAP weak (10 counts each),1,86,0.5845026758167088,0.0208019367793152,0.2902464382079427,0.3893884853113964,0.6251254141798686,0.4874427540119656,-0.6679488305086888,,False,False,False,-0.6684165249067185,0.624416759606984,0.0004676943980297388,0.0007086545728846039
Probability of Two Distinct Events,7453,MAP weak (10 counts each),2,92,0.5844985886528653,0.0208018618752,0.290248037876448,0.3893874139405323,0.6251254141798686,0.4874427582807114,-0.6679488427850184,,False,False,False,-0.6684165198257931,0.6244226527843052,0.0004676770407746611,0.000702761395563356
Probability of Two Distinct Events,7453,MAP strong (50 counts each),0,70,0.5448188508177276,0.031190514232298,0.2855549958042039,0.3835338086277566,0.6258561681677081,0.4870400330445804,-0.6671119608295163,,False,False,False,-0.6684164805498238,0.624421179489975,0.0013045197203075398,0.0014349886777330623
Probability of Two Distinct Events,7453,MAP strong (50 counts each),1,77,0.5448189440733691,0.0311905220293291,0.2855549473187048,0.3835338400183746,0.6258561681677081,0.4870400327514867,-0.6671119600948958,,False,False,False,-0.6684165249067185,0.624416759606984,0.0013045648118227282,0.0014394085607241092
Probability of Two Distinct Events,7453,MAP strong (50 counts each),2,78,0.5448165396693633,0.0311903210002857,0.2855561974132178,0.3835330306754375,0.6258561681677081,0.4870400403083773,-0.6671119790357158,,False,False,False,-0.6684165198257931,0.6244226527843052,0.0013045407900772465,0.0014335153834028613
Absolute Value,7430,MLE,0,41,0.5824937150076362,0.114495658541786,0.4109958195931907,0.0853402447401538,0.6859479564183397,0.4170422724316522,-0.5257464043632232,,False,False,False,-0.5257464043632232,0.6859479564183397,0.0,0.0
Absolute Value,7430,MLE,1,44,0.5824965279724189,0.1144957394188958,0.410994145135071,0.0853408587667604,0.6859479564183397,0.4170422802062475,-0.5257464279547154,,False,False,False,-0.5257464279547154,0.6859479564183397,0.0,0.0
Absolute Value,7430,MLE,2,39,0.582496080057301,0.1144957297695392,0.4109944073629292,0.0853407616685743,0.6859479564183397,0.4170422789321739,-0.5257464242212726,,False,False,False,-0.5257464242212726,0.6859479564183397,0.0,0.0
Absolute Value,7430,MAP weak (10 counts each),0,56,0.5810883966334088,0.1166211254074754,0.4077175165997476,0.0856214533002666,0.685619573032465,0.4170208512066758,-0.5257674610942664,,False,False,False,-0.5257464043632232,0.6859479564183397,-2.1056731043245236e-05,-0.0003283833858747087
Absolute Value,7430,MAP weak (10 counts each),1,60,0.5810881531407224,0.1166211139814497,0.4077176690616966,0.0856213987232802,0.685619573032465,0.417020850596491,-0.5257674591789462,,False,False,False,-0.5257464279547154,0.6859479564183397,-2.103122423080528e-05,-0.0003283833858747087
Absolute Value,7430,MAP weak (10 counts each),2,55,0.5810881711076842,0.1166211148277776,0.4077176578073758,0.0856214027511156,0.685619573032465,0.4170208506414822,-0.5257674593203013,,False,False,False,-0.5257464242212726,0.6859479564183397,-2.103509902873224e-05,-0.0003283833858747087
Absolute Value,7430,MAP strong (50 counts each),0,58,0.57655245929964,0.1243062211960719,0.3953055117642164,0.0867906368512407,0.6857975913942813,0.4169684841956233,-0.5258887533470898,,False,False,False,-0.5257464043632232,0.6859479564183397,-0.00014234898386666917,-0.00015036502405840757
Absolute Value,7430,MAP strong (50 counts each),1,61,0.5765524466525519,0.1243062199563764,0.3953055208625839,0.0867906337703545,0.6857975913942813,0.4169684841693347,-0.5258887532693033,,False,False,False,-0.5257464279547154,0.6859479564183397,-0.00014232531458790998,-0.00015036502405840757
Absolute Value,7430,MAP strong (50 counts each),2,56,0.5765524623780194,0.1243062214973778,0.395305509550219,0.0867906376010491,0.6857975913942813,0.4169684842020254,-0.5258887533660184,,False,False,False,-0.5257464242212726,0.6859479564183397,-0.00014232914474576752,-0.00015036502405840757
Ordering Positive Decimals,7317,MLE,0,39,0.6857495044578347,0.0752099153628593,0.4267103910364322,0.1040322539849254,0.7106277147260753,0.4136042474791723,-0.5181477447664115,,False,False,False,-0.5181477447664115,0.7106277147260753,0.0,0.0
Ordering Positive Decimals,7317,MLE,1,44,0.6857546939938705,0.0752092556156269,0.4267081056303806,0.1040333797779381,0.7106277147260753,0.413604250329702,-0.5181477723978057,,False,False,False,-0.5181477723978057,0.7106277147260753,0.0,0.0
Ordering Positive Decimals,7317,MLE,2,36,0.6857481483653822,0.0752100964767076,0.4267109748491012,0.1040319612108174,0.7106277147260753,0.4136042467419048,-0.5181477377014867,,False,False,False,-0.5181477377014867,0.7106277147260753,0.0,0.0
Ordering Positive Decimals,7317,MAP weak (10 counts each),0,59,0.6783065618665582,0.0783754143045852,0.4247601523095197,0.1032866186985673,0.7104573477524297,0.4135997206588797,-0.5181564516123446,,False,False,False,-0.5181477447664115,0.7106277147260753,-8.706845933126317e-06,-0.00017036697364558595
Ordering Positive Decimals,7317,MAP weak (10 counts each),1,64,0.6783065577265558,0.0783754147510447,0.4247601542642413,0.1032866177849805,0.7104573477524297,0.4135997206588057,-0.518156451594715,,False,False,False,-0.5181477723978057,0.7106277147260753,-8.679196909278097e-06,-0.00017036697364558595
Ordering Positive Decimals,7317,MAP weak (10 counts each),2,56,0.6783065679670116,0.078375413643723,0.4247601494337454,0.1032866200442632,0.7104573477524297,0.4135997206589788,-0.5181564516382522,,False,False,False,-0.5181477377014867,0.7106277147260753,-8.713936765492036e-06,-0.00017036697364558595
Ordering Positive Decimals,7317,MAP strong (50 counts each),0,58,0.6555656999786214,0.0889071926200033,0.4165095523947666,0.1014305549631028,0.7103490771523558,0.4136622774623373,-0.5183857462099124,,False,False,False,-0.5181477447664115,0.7106277147260753,-0.00023800144350094588,-0.00027863757371948683
Ordering Positive Decimals,7317,MAP strong (50 counts each),1,62,0.6555656881718429,0.0889071933607338,0.416509558937625,0.1014305521845995,0.7103490771523558,0.4136622774726992,-0.5183857461808264,,False,False,False,-0.5181477723978057,0.7106277147260753,-0.00023797378302070626,-0.00027863757371948683
Ordering Positive Decimals,7317,MAP strong (50 counts each),2,55,0.6555657222022849,0.088907191225548,0.4165095400795687,0.1014305601929864,0.7103490771523558,0.4136622774428313,-0.518385746264652,,False,False,False,-0.5181477377014867,0.7106277147260753,-0.00023800856316524843,-0.00027863757371948683
Area Trapezoid,7223,MLE,0,15,0.6977262670129594,0.0137614991489345,0.0014998875925425,0.0778966043937224,0.7802779844477511,0.3603898995262647,-0.4396525824584496,,False,False,True,-0.4396525824584496,0.7802779844477511,0.0,0.0
Area Trapezoid,7223,MLE,1,15,0.6977312986340344,0.0137611178315166,0.0014998074254288,0.0778971649803974,0.7802779844477511,0.3603899069069901,-0.4396524567380878,,False,False,True,-0.4396524567380878,0.7802779844477511,0.0,0.0
Area Trapezoid,7223,MLE,2,15,0.6977253857989181,0.0137615658992305,0.001499901763026,0.0778965060790775,0.7802779844477511,0.3603898982425296,-0.4396526044835006,,False,False,True,-0.4396526044835006,0.7802779844477511,0.0,0.0
Area Trapezoid,7223,MAP weak (10 counts each),0,23,0.6797125058278204,0.0152047799247835,0.002696435764391,0.0767392635974357,0.7784419550712812,0.3599956381421406,-0.4387964042593911,,False,False,True,-0.4396525824584496,0.7802779844477511,0.0008561781990585327,-0.001836029376469872
Area Trapezoid,7223,MAP weak (10 counts each),1,22,0.6797124976382064,0.0152047805762461,0.002696435907233,0.0767392626712161,0.7784419550712812,0.3599956380932214,-0.4387964044840258,,False,False,True,-0.4396524567380878,0.7802779844477511,0.0008560522540619897,-0.001836029376469872
Area Trapezoid,7223,MAP weak (10 counts each),2,23,0.6797125046927859,0.0152047800150725,0.0026964357841885,0.0767392634690667,0.7784419550712812,0.3599956381353607,-0.4387964042905241,,False,False,True,-0.4396526044835006,0.7802779844477511,0.0008562001929764973,-0.001836029376469872
Area Trapezoid,7223,MAP strong (50 counts each),0,22,0.6298962432837244,0.0201329955878006,0.0070920095192446,0.07369829499605,0.7767859285748573,0.3588193401668584,-0.4362263724978117,,False,False,False,-0.4396525824584496,0.7802779844477511,0.003426209960637916,-0.0034920558728938067
Area Trapezoid,7223,MAP strong (50 counts each),1,22,0.6298962453539423,0.0201329954009382,0.0070920094418439,0.0736982952762691,0.7767859285748573,0.3588193401732449,-0.4362263724153859,,False,False,False,-0.4396524567380878,0.7802779844477511,0.003426084322701861,-0.0034920558728938067
Area Trapezoid,7223,MAP strong (50 counts each),2,22,0.6298962427735053,0.0201329956338541,0.0070920095383206,0.0736982949269883,0.7767799284788557,0.3588193401652844,-0.4362263725181262,,False,False,False,-0.4396526044835006,0.7802779844477511,0.0034262319653743933,-0.0034980559688954083
Probability of a Single Event,7029,MLE,0,48,0.8640341233899375,0.1549955924836299,0.1002724672711415,0.1763488357999149,0.6932806332103798,0.4012758823471117,-0.5002634540033418,,False,False,False,-0.5002634540033418,0.6932806332103798,0.0,0.0
Probability of a Single Event,7029,MLE,1,43,0.8640356848963752,0.1549937376145451,0.1002718467379392,0.1763490950309359,0.6932806332103799,0.401275865855723,-0.5002634170570247,,False,False,False,-0.5002634170570247,0.6932806332103799,0.0,0.0
Probability of a Single Event,7029,MLE,2,49,0.8640359065504555,0.1549933862828335,0.1002719080981944,0.1763491255641635,0.6932806332103799,0.4012758603759322,-0.5002634055990183,,False,False,False,-0.5002634055990183,0.6932806332103799,0.0,0.0
Probability of a Single Event,7029,MAP weak (10 counts each),0,72,0.8451603054396266,0.1696661425689864,0.1112671616699407,0.1737636729063186,0.6935192600142366,0.4013626407643403,-0.5004513979157658,,False,False,False,-0.5002634540033418,0.6932806332103798,-0.00018794391242393793,0.00023862680385677848
Probability of a Single Event,7029,MAP weak (10 counts each),1,66,0.8451603092276907,0.1696661387749933,0.1112671596102152,0.1737636735361132,0.6935192600142366,0.401362640717343,-0.5004513978200151,,False,False,False,-0.5002634170570247,0.6932806332103799,-0.0001879807629904251,0.00023862680385666746
Probability of a Single Event,7029,MAP weak (10 counts each),2,73,0.8451603008045812,0.1696661472426234,0.1112671641386628,0.173763672137981,0.6935192600142367,0.401362640822854,-0.5004513980349313,,False,False,False,-0.5002634055990183,0.6932806332103799,-0.0001879924359130536,0.00023862680385677848
Probability of a Single Event,7029,MAP strong (50 counts each),0,79,0.7885936567944667,0.1972986841083635,0.1503578837894958,0.1661296715065683,0.696925758752346,0.4018769637009844,-0.5013720685086488,,False,False,False,-0.5002634540033418,0.6932806332103798,-0.0011086145053069707,0.0036451255419661654
Probability of a Single Event,7029,MAP strong (50 counts each),1,67,0.7885936540070773,0.1972986840544269,0.1503578885907102,0.1661296708884493,0.6969257587523459,0.4018769637178512,-0.5013720685300445,,False,False,False,-0.5002634170570247,0.6932806332103799,-0.0011086514730197505,0.0036451255419659434
Probability of a Single Event,7029,MAP strong (50 counts each),2,81,0.7885936568342503,0.1972986841089455,0.1503578837212505,0.166129671515374,0.696925758752346,0.4018769637007397,-0.5013720685083354,,False,False,False,-0.5002634055990183,0.6932806332103799,-0.001108662909317104,0.0036451255419660544
Table,6834,MLE,0,52,0.8527633438081015,0.1049999702593658,0.0796278004202264,0.2123572837835847,0.6075337656928661,0.4099022611969785,-0.5173414536025169,,False,False,False,-0.5173414536025169,0.6075337656928661,0.0,0.0
Table,6834,MLE,1,34,0.8527621179782168,0.1050002028475985,0.0796297310221638,0.2123569629731631,0.6075361456535967,0.409902243181833,-0.5173414081336334,,False,False,False,-0.5173414081336334,0.6075361456535967,0.0,0.0
Table,6834,MLE,2,52,0.8527601115098157,0.1050005641482766,0.0796329347395749,0.2123564342587872,0.6075266258106742,0.4099022132187259,-0.5173413327941386,,False,False,False,-0.5173413327941386,0.6075266258106742,0.0,0.0
Table,6834,MAP weak (10 counts each),0,92,0.8349303762127495,0.1116660474871873,0.0939910698239592,0.209630927237096,0.6070363539001606,0.4098645841071145,-0.5171436916455469,,False,False,False,-0.5173414536025169,0.6075337656928661,0.00019776195697007726,-0.00049741179270546
Table,6834,MAP weak (10 counts each),1,67,0.834930370824046,0.1116660469853324,0.0939910809133688,0.2096309255914045,0.6070458737430832,0.4098645840160786,-0.5171436914297151,,False,False,False,-0.5173414081336334,0.6075361456535967,0.00019771670391832696,-0.00049027191051354
Table,6834,MAP weak (10 counts each),2,92,0.8349303663417881,0.1116660465678922,0.0939910901374103,0.2096309242225384,0.6070423038019873,0.4098645839403559,-0.5171436912501888,,False,False,False,-0.5173413327941386,0.6075266258106742,0.00019764154394985578,-0.00048432200868686603
Table,6834,MAP strong (50 counts each),0,97,0.7682744038587485,0.1169626466909814,0.1740721687019037,0.1952913091308886,0.607882429939906,0.4097583747482652,-0.5165151749676979,,False,False,False,-0.5173414536025169,0.6075337656928661,0.0008262786348189888,0.0003486642470399426
Table,6834,MAP strong (50 counts each),1,95,0.7682745559344872,0.1169627285748479,0.174071779547055,0.1952913723260323,0.6078824299399059,0.4097583755421773,-0.51651517807115,,False,False,False,-0.5173414081336334,0.6075361456535967,0.0008262300624833907,0.0003462842863092286
Table,6834,MAP strong (50 counts each),2,98,0.768274405281004,0.11696264745678,0.1740721650624232,0.1952913097219068,0.6078812399595408,0.40975837475569,-0.5165151749967222,,False,False,False,-0.5173413327941386,0.6075266258106742,0.0008261577974164602,0.0003546141488666166
Pythagorean Theorem,6611,MLE,0,31,0.6588867758397458,0.020626412440047,0.4165564966003242,0.2970280102777083,0.6105366052931049,0.4673645503358775,-0.6281778240442799,,False,False,False,-0.6281778240442799,0.6105366052931049,0.0,0.0
Pythagorean Theorem,6611,MLE,1,36,0.658888404302599,0.0206261150127158,0.4165567269652417,0.2970281100690681,0.6105366052931049,0.4673645638740706,-0.6281778488963152,,False,False,False,-0.6281778488963152,0.6105366052931049,0.0,0.0
Pythagorean Theorem,6611,MLE,2,27,0.6587397712924506,0.0206240769975799,0.416616300092786,0.2970015507869796,0.6105366052931049,0.4673645098904248,-0.6281775699203772,,False,False,False,-0.6281775699203772,0.6105366052931049,0.0,0.0
Pythagorean Theorem,6611,MAP weak (10 counts each),0,43,0.638531436118081,0.0242077675376915,0.4136312138305306,0.2956040803358947,0.610373201832453,0.4672140450486573,-0.6279015725308127,,False,False,False,-0.6281778240442799,0.6105366052931049,0.0002762515134672183,-0.00016340346065191191
Pythagorean Theorem,6611,MAP weak (10 counts each),1,47,0.6385312891037767,0.0242077622311028,0.4136312821496082,0.2956040519117588,0.610373201832453,0.4672140452244906,-0.6279015726572056,,False,False,False,-0.6281778488963152,0.6105366052931049,0.0002762762391096407,-0.00016340346065191191
Pythagorean Theorem,6611,MAP weak (10 counts each),2,36,0.6385263669451892,0.0242075979370151,0.4136335340673481,0.2956031088879973,0.6103702839135128,0.4672140507127316,-0.6279015762594335,,False,False,False,-0.6281775699203772,0.6105366052931049,0.00027599366094366307,-0.0001663213795921603
Pythagorean Theorem,6611,MAP strong (50 counts each),0,43,0.593623170320585,0.0354302083037579,0.4013406469101003,0.2932415157833918,0.6089054886055266,0.466960362847131,-0.6274663964576278,,False,False,False,-0.6281778240442799,0.6105366052931049,0.0007114275866521025,-0.0016311166875783156
Pythagorean Theorem,6611,MAP strong (50 counts each),1,46,0.5936231400695777,0.0354302058796976,0.4013406646306568,0.2932415088343378,0.6089054886055266,0.4669603629420996,-0.6274663965790509,,False,False,False,-0.6281778488963152,0.6105366052931049,0.0007114523172643272,-0.0016311166875783156
Pythagorean Theorem,6611,MAP strong (50 counts each),2,34,0.59362315642092,0.0354302072519624,0.4013406549094334,0.2932415126348225,0.6089054886055266,0.4669603628902691,-0.6274663965131261,,False,False,False,-0.6281775699203772,0.6105366052931049,0.0007111734072511311,-0.0016311166875783156
Circle Graph,6208,MLE,0,32,0.5960091466490465,0.058090085725574,0.1144267959303626,0.2979713400485927,0.7038995743277204,0.4657285147873355,-0.6241134028725324,,False,False,False,-0.6241134028725324,0.7038995743277204,0.0,0.0
Circle Graph,6208,MLE,1,30,0.5960083784689811,0.0580901987882181,0.1144270179034777,0.2979711319853438,0.7038995743277204,0.4657285033814339,-0.6241133796108104,,False,False,False,-0.6241133796108104,0.7038995743277204,0.0,0.0
Circle Graph,6208,MLE,2,34,0.5960183214025885,0.0580887995631162,0.114424006353859,0.2979738782250921,0.7038995743277204,0.4657286578721408,-0.6241136944532407,,False,False,False,-0.6241136944532407,0.7038995743277204,0.0,0.0
Circle Graph,6208,MAP weak (10 counts each),0,49,0.5858623867190178,0.0607448679331174,0.1167780561021163,0.2954000822800823,0.703506887723046,0.4656257085878011,-0.623896196513115,,False,False,False,-0.6241134028725324,0.7038995743277204,0.00021720635941735456,-0.0003926866046743971
Circle Graph,6208,MAP weak (10 counts each),1,47,0.5858623882865437,0.0607448677297926,0.1167780555905335,0.2954000827304044,0.703506887723046,0.4656257086112801,-0.6238961965598679,,False,False,False,-0.6241133796108104,0.7038995743277204,0.00021718305094242663,-0.0003926866046743971
Circle Graph,6208,MAP weak (10 counts each),2,50,0.5858623698912686,0.0607448701192844,0.116778061586769,0.2954000774486239,0.703506887723046,0.4656257083361106,-0.6238961960119307,,False,False,False,-0.6241136944532407,0.7038995743277204,0.0002174984413100267,-0.0003926866046743971
Circle Graph,6208,MAP strong (50 counts each),0,46,0.556163977130454,0.0691976381578452,0.1245382183668812,0.287024932385697,0.7037209019225935,0.4654246471451876,-0.623508200981542,,False,False,False,-0.6241134028725324,0.7038995743277204,0.0006052018909903367,-0.00017867240512692284
Circle Graph,6208,MAP strong (50 counts each),1,44,0.556163983671834,0.0691976375447259,0.1245382157167357,0.2870249345377013,0.7037209019225935,0.4654246472330023,-0.6235082011407198,,False,False,False,-0.6241133796108104,0.7038995743277204,0.0006051784700905616,-0.00017867240512692284
Circle Graph,6208,MAP strong (50 counts each),2,48,0.5561639845496128,0.0691976374622918,0.1245382153614466,0.2870249348263387,0.7037209019225935,0.4654246472447699,-0.6235082011620481,,False,False,False,-0.6241136944532407,0.7038995743277204,0.0006054932911926381,-0.00017867240512692284
Subtraction Whole Numbers,5801,MLE,0,47,0.7293837128472719,0.1080488186240272,0.1341073897702014,0.1793293854995346,0.6850815341474141,0.4123952000700472,-0.5199263504201881,,False,False,False,-0.5199263504201881,0.6850815341474141,0.0,0.0
Subtraction Whole Numbers,5801,MLE,1,41,0.7293780698824792,0.108050338781815,0.1341110503792218,0.1793281532545051,0.6850829348371138,0.412395283806518,-0.5199264863467075,,False,False,False,-0.5199264863467075,0.6850829348371138,0.0,0.0
Subtraction Whole Numbers,5801,MLE,2,47,0.7293803276628387,0.1080497295970008,0.1341095869094791,0.179328646213364,0.6850815341474144,0.4123952503150294,-0.5199264319825772,,False,False,False,-0.5199264319825772,0.6850815341474144,0.0,0.0
Subtraction Whole Numbers,5801,MAP weak (10 counts each),0,72,0.7149147052311289,0.1135088784720006,0.1408094003624211,0.1767733195169302,0.6850044962139358,0.4126003115347454,-0.5202684448972547,,False,False,False,-0.5199263504201881,0.6850815341474141,-0.0003420944770665679,-7.70379334783522e-05
Subtraction Whole Numbers,5801,MAP weak (10 counts each),1,66,0.7149146935588492,0.1135088810807815,0.1408094083824376,0.1767733169526835,0.6850030955242362,0.4126003117175805,-0.520268445203021,,False,False,False,-0.5199264863467075,0.6850829348371138,-0.00034195885631349565,-7.983931287758317e-05
Subtraction Whole Numbers,5801,MAP weak (10 counts each),2,72,0.7149146868719534,0.113508882575305,0.1408094129770175,0.1767733154836588,0.6850030955242361,0.4126003118223246,-0.5202684453781908,,False,False,False,-0.5199264319825772,0.6850815341474144,-0.0003420133956136828,-7.843862317824524e-05
Subtraction Whole Numbers,5801,MAP strong (50 counts each),0,67,0.6724073613667665,0.1281992269123941,0.1602932846347991,0.169399904552257,0.6848532217263781,0.4132577967590768,-0.5214034980614931,,False,False,False,-0.5199263504201881,0.6850815341474141,-0.001477147641305021,-0.00022831242103604765
Subtraction Whole Numbers,5801,MAP strong (50 counts each),1,60,0.6724073657540486,0.1281992265218205,0.1602932810876817,0.1693999055613118,0.6848532217263781,0.4132577966806486,-0.5214034979216923,,False,False,False,-0.5199264863467075,0.6850829348371138,-0.00147701157498481,-0.00022971311073571865
Subtraction Whole Numbers,5801,MAP strong (50 counts each),2,68,0.6724073669421184,0.1281992264160465,0.1602932801271375,0.1693999058345622,0.6848532217263781,0.4132577966594105,-0.5214034978838346,,False,False,False,-0.5199264319825772,0.6850815341474144,-0.0014770659012574017,-0.0002283124210362697
Median,5783,MLE,0,74,0.5331051144590586,0.0786051376416295,0.3429457039074971,0.1656598623449834,0.6912765197878418,0.4503315608193215,-0.592802800793106,,False,False,False,-0.592802800793106,0.6912765197878418,0.0,0.0
Median,5783,MLE,1,86,0.5330938671311483,0.0786052902205585,0.342951190491324,0.1656567448784759,0.6912765197878418,0.4503316435138816,-0.5928029403628977,,False,False,False,-0.5928029403628977,0.6912765197878418,0.0,0.0
Median,5783,MLE,2,53,0.5330933331533211,0.0786052985820196,0.3429514494747724,0.1656565972719525,0.6912765197878418,0.4503316474077624,-0.5928029469417453,,False,False,False,-0.5928029469417453,0.6912765197878418,0.0,0.0
Median,5783,MAP weak (10 counts each),0,91,0.5309184335966668,0.0815082713797328,0.3400751957479959,0.1655957510040494,0.6937296001631986,0.450268996927292,-0.5927170819302863,,False,False,False,-0.592802800793106,0.6912765197878418,8.571886281971697e-05,0.002453080375356853
Median,5783,MAP weak (10 counts each),1,101,0.5309178374165446,0.0815082731984365,0.3400754976909099,0.165595582067367,0.6937296001631986,0.4502690013605592,-0.5927170894019381,,False,False,False,-0.5928029403628977,0.6912765197878418,8.585096095958811e-05,0.002453080375356853
Median,5783,MAP weak (10 counts each),2,71,0.5309189730989463,0.0815082697346349,0.3400749225090368,0.1655959038804423,0.6937296001631986,0.4502689929154975,-0.5927170751689823,,False,False,False,-0.5928029469417453,0.6912765197878418,8.587177276297986e-05,0.002453080375356853
Median,5783,MAP strong (50 counts each),0,89,0.5263060459351876,0.0914897104929325,0.3288596181698643,0.165977259397294,0.6926229090167279,0.4501132287748939,-0.5925489978140858,,False,False,False,-0.592802800793106,0.6912765197878418,0.0002538029790202234,0.0013463892288860801
Median,5783,MAP strong (50 counts each),1,96,0.5263059850741632,0.0914897083951409,0.3288596531831674,0.1659772406845999,0.6926229090167279,0.4501132291943687,-0.5925489985059559,,False,False,False,-0.5928029403628977,0.6912765197878418,0.0002539418569418306,0.0013463892288860801
Median,5783,MAP strong (50 counts each),2,72,0.5263060580748354,0.0914897109113741,0.3288596111859256,0.1659772631298242,0.6926229090167279,0.4501132286912234,-0.592548997676082,,False,False,False,-0.5928029469417453,0.6912765197878418,0.0002539492656632447,0.0013463892288860801
Square Root,5670,MLE,0,21,0.8264254079520561,0.0367658262785293,0.3450940834029632,0.1629973846991291,0.6784430098094312,0.3884482393463959,-0.4761366489851791,,False,False,False,-0.4761366489851791,0.6784430098094312,0.0,0.0
Square Root,5670,MLE,1,19,0.8264238542125154,0.0367686960430003,0.3450879650676827,0.1629976100000651,0.6784430098094312,0.3884480730532086,-0.4761364138909456,,False,False,False,-0.4761364138909456,0.6784430098094312,0.0,0.0
Square Root,5670,MLE,2,20,0.8264263007158714,0.0367653460338164,0.3450942816957975,0.1629974663744096,0.6784430098094312,0.3884482680354849,-0.4761366990221204,,False,False,False,-0.4761366990221204,0.6784430098094312,0.0,0.0
Square Root,5670,MAP weak (10 counts each),0,30,0.8024624270477096,0.0451974883130234,0.3417971526870773,0.1617233845565419,0.6791854562733299,0.3879380119775134,-0.4752412566983129,,False,False,False,-0.4761366489851791,0.6784430098094312,0.0008953922868661923,0.0007424464638987605
Square Root,5670,MAP weak (10 counts each),1,27,0.8024624630499546,0.0451974919808733,0.3417970967192895,0.1617233918488279,0.6791854562733299,0.3879380117995772,-0.4752412569721755,,False,False,False,-0.4761364138909456,0.6784430098094312,0.0008951569187700681,0.0007424464638987605
Square Root,5670,MAP weak (10 counts each),2,29,0.8024624283564278,0.0451974876657228,0.3417971528334984,0.1617233846668067,0.6791854562733299,0.3879380120048546,-0.4752412567469445,,False,False,False,-0.4761366990221204,0.6784430098094312,0.0008954422751759061,0.0007424464638987605
Square Root,5670,MAP strong (50 counts each),0,26,0.7363212955195125,0.0681215417566398,0.3316950479788713,0.1589272290362097,0.6789547267568569,0.3872841893359206,-0.4741067177102104,,False,False,False,-0.4761366489851791,0.6784430098094312,0.0020299312749686993,0.0005117169474256889
Square Root,5670,MAP strong (50 counts each),1,28,0.7363213472753788,0.0681215399660816,0.3316949899965676,0.1589272376826986,0.6789547267568569,0.3872841891863787,-0.4741067180347402,,False,False,False,-0.4761364138909456,0.6784430098094312,0.0020296958562053824,0.0005117169474256889
Square Root,5670,MAP strong (50 counts each),2,25,0.7363212869422163,0.0681215419012675,0.3316950579782254,0.1589272275675488,0.6789547267568569,0.3872841893623574,-0.4741067176558368,,False,False,False,-0.4761366990221204,0.6784430098094312,0.0020299813662836286,0.0005117169474256889
Greatest Common Factor,5639,MLE,0,7,0.6913226730470599,0.00926748901868,0.161332806771982,0.0063870348829509,0.9293320614402244,0.1469326612881852,-0.1036266531482921,,False,False,True,-0.1036266531482921,0.9293320614402244,0.0,0.0
Greatest Common Factor,5639,MLE,1,14,0.7949738458604807,0.0086453914310624,0.0076460839150181,0.0333142599166461,0.7166137792746317,0.2312515207635474,-0.2187789538393527,,False,False,True,-0.2187789538393527,0.7166137792746317,0.0,0.0
Greatest Common Factor,5639,MLE,2,7,0.691320315329873,0.00926716739618,0.1613337698088309,0.0063870082226351,0.9293340082153912,0.1469326035633444,-0.1036264983013578,,False,False,True,-0.1036264983013578,0.9293340082153912,0.0,0.0
Greatest Common Factor,5639,MAP weak (10 counts each),0,9,0.6732297680571128,0.0129281136913369,0.1617244155679645,0.0066670958043728,0.9291257032725292,0.1472836464945406,-0.1040283483198856,,False,False,True,-0.1036266531482921,0.9293320614402244,-0.0004016951715934969,-0.00020635816769520865
Greatest Common Factor,5639,MAP weak (10 counts each),1,15,0.7581160795237827,0.0138876058396618,0.0143759441297683,0.0328739199201755,0.7559113827944011,0.2184097616969573,-0.1977874766080881,,False,False,True,-0.2187789538393527,0.7166137792746317,0.0209914772312646,0.03929760351976941
Greatest Common Factor,5639,MAP weak (10 counts each),2,9,0.6732297216525726,0.0129281102840085,0.1617244304400717,0.0066670952830974,0.9291257032725292,0.1472836460698061,-0.1040283459209249,,False,False,True,-0.1036264983013578,0.9293340082153912,-0.0004018476195671028,-0.0002083049428620587
Greatest Common Factor,5639,MAP strong (50 counts each),0,10,0.6251894012250725,0.0258369494862521,0.1637494953478266,0.0077954576206138,0.92556699826737,0.1495577473859276,-0.1058812227980082,,False,False,False,-0.1036266531482921,0.9293320614402244,-0.0022545696497160983,-0.0037650631728544104
Greatest Common Factor,5639,MAP strong (50 counts each),1,11,0.6251893989337651,0.0258369494126203,0.1637494960627805,0.0077954575925197,0.92556699826737,0.1495577473570685,-0.1058812226932705,,False,False,False,-0.2187789538393527,0.7166137792746317,0.1128977311460822,0.20895321899273833
Greatest Common Factor,5639,MAP strong (50 counts each),2,10,0.6251893995357577,0.0258369494315499,0.1637494958754439,0.0077954575999036,0.92556699826737,0.1495577473646126,-0.1058812227206936,,False,False,False,-0.1036264983013578,0.9293340082153912,-0.002254724419335802,-0.0037670099480212604
Multiplication Fractions,5547,MLE,0,47,0.6030522384062752,0.1217441599169762,0.3130136266414794,0.2203280978857699,0.6688679094583153,0.4490840034308591,-0.5911122937974644,,False,False,False,-0.5911122937974644,0.6688679094583153,0.0,0.0
Multiplication Fractions,5547,MLE,1,88,0.6033758523156936,0.1217777086756097,0.3128068497517233,0.2204031524470495,0.6688647146211721,0.4490845546908327,-0.5911145302040208,,False,False,False,-0.5911145302040208,0.6688647146211721,0.0,0.0
Multiplication Fractions,5547,MLE,2,85,0.6030507417169723,0.1217429811017167,0.3130158465762796,0.2203275195762872,0.6688679094583153,0.4490840111981045,-0.5911122993096155,,False,False,False,-0.5911122993096155,0.6688679094583153,0.0,0.0
Multiplication Fractions,5547,MAP weak (10 counts each),0,42,0.5946041317943723,0.1253683950410546,0.3116830105994399,0.2190556125113124,0.6694461749812304,0.4490124114746018,-0.5909558679381786,,False,False,False,-0.5911122937974644,0.6688679094583153,0.00015642585928588026,0.0005782655229150668
Multiplication Fractions,5547,MAP weak (10 counts each),1,114,0.5945426524645425,0.1253583926066716,0.3117266304310161,0.2190404414998172,0.6696378652098209,0.4490123307769044,-0.5909554768682297,,False,False,False,-0.5911145302040208,0.6688647146211721,0.00015905333579113723,0.0007731505886487966
Multiplication Fractions,5547,MAP weak (10 counts each),2,110,0.5945236053142539,0.1253558509078912,0.3117394624596298,0.2190358703721482,0.6696378652098209,0.4490123014283798,-0.5909553494879856,,False,False,False,-0.5911122993096155,0.6688679094583153,0.00015694982162994808,0.0007699557515056243
Multiplication Fractions,5547,MAP strong (50 counts each),0,65,0.5736471472039724,0.1368860860191741,0.3041947107415153,0.2158713895507647,0.6675580262296129,0.448843172947706,-0.5905834109651507,,False,False,False,-0.5911122937974644,0.6688679094583153,0.0005288828323137817,-0.001309883228702402
Multiplication Fractions,5547,MAP strong (50 counts each),1,83,0.5736468246003914,0.1368860154769292,0.3041949629394009,0.2158713031685632,0.6675580262296129,0.4488431722110091,-0.5905834082834155,,False,False,False,-0.5911145302040208,0.6688647146211721,0.0005311219206053375,-0.0013066883915592298
Multiplication Fractions,5547,MAP strong (50 counts each),2,79,0.5736290359285694,0.1368821289261933,0.3042088652887661,0.2158665407207401,0.6675612210667561,0.4488431315996337,-0.5905832604400746,,False,False,False,-0.5911122993096155,0.6688679094583153,0.0005290388695409209,-0.0013066883915592298
Calculations with Similar Figures,5538,MLE,0,43,0.6440940431858264,0.1079150859797495,0.2894942851217665,0.2515042859596337,0.5621061873773371,0.4468236288749387,-0.5883836206850802,,False,False,False,-0.5883836206850802,0.5621061873773371,0.0,0.0
Calculations with Similar Figures,5538,MLE,1,31,0.6955896830612129,0.2028946861886126,0.1318864959897508,0.2721346182966723,0.557143717935475,0.4458804140903697,-0.5864690426802268,,False,False,False,-0.5864690426802268,0.557143717935475,0.0,0.0
Calculations with Similar Figures,5538,MLE,2,42,0.6439605290894427,0.1078841530763107,0.2896288637486505,0.2514805480746588,0.5621033180686109,0.4468255244227179,-0.5883875715110848,,False,False,False,-0.5883875715110848,0.5621033180686109,0.0,0.0
Calculations with Similar Figures,5538,MAP weak (10 counts each),0,60,0.6263484471642309,0.1156468330148756,0.2863757394650973,0.2505596183505402,0.5618077792698183,0.4468063011111809,-0.588347746231125,,False,False,False,-0.5883836206850802,0.5621061873773371,3.587445395525357e-05,-0.0002984081075187994
Calculations with Similar Figures,5538,MAP weak (10 counts each),1,91,0.6263491183581053,0.1156470599145407,0.2863749713497716,0.2505597517652071,0.5618077792698183,0.4468062905767812,-0.5883477241818503,,False,False,False,-0.5864690426802268,0.557143717935475,-0.0018786815016235137,0.004664061334343272
Calculations with Similar Figures,5538,MAP weak (10 counts each),2,38,0.6262514648453982,0.1156152528454862,0.2864849132904362,0.2505405858792714,0.56179917134364,0.4468077994571955,-0.5883508825062036,,False,False,False,-0.5883875715110848,0.5621033180686109,3.6689004881185205e-05,-0.00030414672497092177
Calculations with Similar Figures,5538,MAP strong (50 counts each),0,78,0.5865961947701993,0.1383789875511148,0.2712030326970169,0.2488376636683495,0.5615208483972042,0.4467399723293813,-0.5881896171373869,,False,False,False,-0.5883836206850802,0.5621061873773371,0.00019400354769327777,-0.0005853389801329101
Calculations with Similar Figures,5538,MAP strong (50 counts each),1,91,0.5865962007422587,0.1383789932462636,0.2712030212580164,0.2488376656559826,0.5615208483972042,0.4467399722013495,-0.5881896168619495,,False,False,False,-0.5864690426802268,0.557143717935475,-0.0017205741817226672,0.004377130461729162
Calculations with Similar Figures,5538,MAP strong (50 counts each),2,75,0.5865958150119136,0.1383786254049674,0.271203760089123,0.2488375372771261,0.5615208483972042,0.4467399804708066,-0.5881896346521859,,False,False,False,-0.5883875715110848,0.5621033180686109,0.0001979368588989061,-0.0005824696714067379
Pattern Finding ,5284,MLE,0,28,0.5989420869141368,0.0657267031206504,0.1282219833916052,0.1984018202703509,0.8362078319135651,0.3944831523413366,-0.4863815381517999,,False,False,False,-0.4863815381517999,0.8362078319135651,0.0,0.0
Pattern Finding ,5284,MLE,1,26,0.5989488496450253,0.0657249200200452,0.1282196572223294,0.1984027362048849,0.8362090374910487,0.3944831109602814,-0.4863813148389748,,False,False,False,-0.4863813148389748,0.8362090374910487,0.0,0.0
Pattern Finding ,5284,MLE,2,29,0.5989515917268806,0.0657241968219937,0.1282187144958318,0.1984031075408958,0.8362090374910487,0.3944830941874645,-0.4863812243098392,,False,False,False,-0.4863812243098392,0.8362090374910487,0.0,0.0
Pattern Finding ,5284,MAP weak (10 counts each),0,43,0.5864304598605374,0.0709492368224294,0.1321072002075477,0.1968356210731337,0.8363476789016706,0.3946627644368619,-0.4870306699173774,,False,False,False,-0.4863815381517999,0.8362078319135651,-0.0006491317655775153,0.00013984698810554086
Pattern Finding ,5284,MAP weak (10 counts each),1,40,0.5864304346210284,0.0709492430603772,0.1321072097583882,0.1968356175434857,0.8363476789016706,0.3946627646757982,-0.4870306708863824,,False,False,False,-0.4863813148389748,0.8362090374910487,-0.0006493560474076232,0.00013864141062192026
Pattern Finding ,5284,MAP weak (10 counts each),2,43,0.5864304379236681,0.0709492422441285,0.1321072085086438,0.1968356180053465,0.8363476789016706,0.3946627646445328,-0.4870306707595861,,False,False,False,-0.4863812243098392,0.8362090374910487,-0.0006494464497469044,0.00013864141062192026
Pattern Finding ,5284,MAP strong (50 counts each),0,38,0.5538118304386166,0.0860139115390456,0.143682358049514,0.1923133538438504,0.8366985019494187,0.3954839526089666,-0.4893457066954851,,False,False,False,-0.4863815381517999,0.8362078319135651,-0.0029641685436851972,0.0004906700358536797
Pattern Finding ,5284,MAP strong (50 counts each),1,35,0.5538118323985564,0.0860139111611908,0.1436823570728406,0.1923133541573874,0.8366985019494187,0.3954839525705119,-0.4893457065890755,,False,False,False,-0.4863813148389748,0.8362090374910487,-0.0029643917501007144,0.0004894644583700591
Pattern Finding ,5284,MAP strong (50 counts each),2,39,0.5538118378054139,0.0860139101187843,0.1436823543785605,0.1923133550223289,0.8366972963719351,0.3954839524644281,-0.4893457062955271,,False,False,False,-0.4863812243098392,0.8362090374910487,-0.0029644819856878835,0.00048825888088643854
Addition and Subtraction Positive Decimals,5012,MLE,0,39,0.6131571607529549,0.0957746093213004,0.137127965753484,0.1936113946241819,0.7610433223152121,0.444573310149488,-0.5817291786873389,,False,False,False,-0.5817291786873389,0.7610433223152121,0.0,0.0
Addition and Subtraction Positive Decimals,5012,MLE,1,32,0.6131528611011213,0.095775041065253,0.1371299052329749,0.1936099570957009,0.7610433223152121,0.4445733054984,-0.58172917070451,,False,False,False,-0.58172917070451,0.7610433223152121,0.0,0.0
Addition and Subtraction Positive Decimals,5012,MLE,2,41,0.6131568514484858,0.0957746403104837,0.1371281053893075,0.1936112911833832,0.7610433223152121,0.4445733098097074,-0.581729178103066,,False,False,False,-0.581729178103066,0.7610433223152121,0.0,0.0
Addition and Subtraction Positive Decimals,5012,MAP weak (10 counts each),0,59,0.6045564214605134,0.0978644430667385,0.1398425021319589,0.1912530723715874,0.7610362894718335,0.4446439195669062,-0.5818693727358059,,False,False,False,-0.5817291786873389,0.7610433223152121,-0.00014019404846699057,-7.03284337855159e-06
Addition and Subtraction Positive Decimals,5012,MAP weak (10 counts each),1,52,0.6045564462736852,0.0978644408733802,0.1398424904389123,0.1912530808850771,0.7610362894718335,0.4446439195644984,-0.5818693727137503,,False,False,False,-0.58172917070451,0.7610433223152121,-0.0001402020092402534,-7.03284337855159e-06
Addition and Subtraction Positive Decimals,5012,MAP weak (10 counts each),2,62,0.6045564933893702,0.0978644367085771,0.1398424682359786,0.1912530970506337,0.7610362894718335,0.4446439195599256,-0.5818693726718697,,False,False,False,-0.581729178103066,0.7610433223152121,-0.00014019456880365322,-7.03284337855159e-06
Addition and Subtraction Positive Decimals,5012,MAP strong (50 counts each),0,61,0.577761876496286,0.1046300387705853,0.1488770035724494,0.1834419916715322,0.7602064139531612,0.4449795092490739,-0.5825589404910904,,False,False,False,-0.5817291786873389,0.7610433223152121,-0.0008297618037514942,-0.0008369083620508588
Addition and Subtraction Positive Decimals,5012,MAP strong (50 counts each),1,44,0.5777618696648615,0.1046300390744253,0.1488770073239043,0.1834419890552658,0.7602064139531612,0.4449795092729215,-0.5825589405506214,,False,False,False,-0.58172917070451,0.7610433223152121,-0.0008297698461113834,-0.0008369083620508588
Addition and Subtraction Positive Decimals,5012,MAP strong (50 counts each),2,63,0.5777618671178887,0.1046300391876461,0.1488770087226665,0.1834419880798102,0.7602064139531612,0.4449795092818085,-0.5825589405728087,,False,False,False,-0.581729178103066,0.7610433223152121,-0.0008297624697426453,-0.0008369083620508588
Counting Methods,4867,MLE,0,114,0.6862335029300228,4.5696198788320334e-08,0.3618015622112734,0.3765940707480388,0.5288194036283844,0.5009257983285291,-0.6950905956483198,,False,True,True,-0.6950905956483198,0.5288194036283844,0.0,0.0
Counting Methods,4867,MLE,1,111,0.6862338425736604,4.5060099833740806e-08,0.3618014633389529,0.3765941544997809,0.5288194036283844,0.5009257998125253,-0.6950905987188198,,False,True,True,-0.6950905987188198,0.5288194036283844,0.0,0.0
Counting Methods,4867,MLE,2,118,0.6862328974203152,4.595495724217012e-08,0.3618017399537047,0.3765939213508925,0.5288194036283844,0.5009257956415801,-0.695090590090698,,False,True,True,-0.695090590090698,0.5288194036283844,0.0,0.0
Counting Methods,4867,MAP weak (10 counts each),0,109,0.6337625746346297,0.007480337579429,0.3643724686948865,0.3645140788662819,0.5296173204954209,0.5011075842708894,-0.695457244433589,,False,False,True,-0.6950905956483198,0.5288194036283844,-0.0003666487852692635,0.0007979168670364523
Counting Methods,4867,MAP weak (10 counts each),1,106,0.6337642029192039,0.0074803174332366,0.3643720395569771,0.3645144976195484,0.5296173204954209,0.5011075884217636,-0.6954572528284668,,False,False,True,-0.6950905987188198,0.5288194036283844,-0.00036665410964698,0.0007979168670364523
Counting Methods,4867,MAP weak (10 counts each),2,126,0.6337625318326751,0.0074803381086864,0.3643724799759253,0.3645140678585816,0.5296173204954209,0.5011075841617635,-0.6954572442128888,,False,False,True,-0.695090590090698,0.5288194036283844,-0.0003666541221908348,0.0007979168670364523
Counting Methods,4867,MAP strong (50 counts each),0,88,0.5529079656961177,0.0227180016999537,0.3634929733332275,0.3438656198384726,0.5245626596279,0.5019695732155125,-0.697248012135042,,False,False,False,-0.6950905956483198,0.5288194036283844,-0.0021574164867221857,-0.004256744000484369
Counting Methods,4867,MAP strong (50 counts each),1,95,0.5529079179480632,0.0227180006279879,0.3634929880558612,0.3438656037897112,0.5245626596279,0.5019695731392395,-0.6972480120004639,,False,False,False,-0.6950905987188198,0.5288194036283844,-0.002157413281644094,-0.004256744000484369
Counting Methods,4867,MAP strong (50 counts each),2,95,0.5529064312635794,0.0227179672508134,0.3634934464603542,0.3438651040938163,0.5245626596279,0.5019695707644258,-0.6972480078102863,,False,False,False,-0.695090590090698,0.5288194036283844,-0.002157417719588328,-0.004256744000484369
Equation Solving More Than Two Steps,4772,MLE,0,40,0.507791630260823,0.0879876044363575,0.2805323958479779,0.2052198921049834,0.6865953581850156,0.4569397483740307,-0.6068768966330087,,False,False,False,-0.6068768966330087,0.6865953581850156,0.0,0.0
Equation Solving More Than Two Steps,4772,MLE,1,48,0.5077876606476825,0.0879872909311149,0.2805348204581323,0.2052185556075782,0.6865985789836448,0.4569397804973445,-0.6068769527385985,,False,False,False,-0.6068769527385985,0.6865985789836448,0.0,0.0
Equation Solving More Than Two Steps,4772,MLE,2,31,0.5076667710509768,0.087977766968118,0.2806086120895588,0.2051778751983064,0.6866340077685664,0.4569407575283855,-0.6068786592729368,,False,False,False,-0.6068786592729368,0.6866340077685664,0.0,0.0
Equation Solving More Than Two Steps,4772,MAP weak (10 counts each),0,54,0.5062696253809378,0.0899056465351599,0.2786545732689994,0.2049634323268252,0.6866501117617125,0.4568467061009896,-0.60672987516463,,False,False,False,-0.6068768966330087,0.6865953581850156,0.00014702146837874963,5.475357669693093e-05
Equation Solving More Than Two Steps,4772,MAP weak (10 counts each),1,61,0.5062696266253395,0.089905646657839,0.2786545724554858,0.2049634327735071,0.6866501117617125,0.4568467060887695,-0.6067298751430076,,False,False,False,-0.6068769527385985,0.6865985789836448,0.0001470775955909609,5.1532778067686635e-05
Equation Solving More Than Two Steps,4772,MAP weak (10 counts each),2,44,0.5062635423677038,0.0899050468787793,0.2786585498931467,0.2049612488463889,0.6866501117617125,0.4568467658349343,-0.6067299808588328,,False,False,False,-0.6068786592729368,0.6866340077685664,0.00014867841410404203,1.610399314611044e-05
Equation Solving More Than Two Steps,4772,MAP strong (50 counts each),0,57,0.5024481729090355,0.0969132389914166,0.2714471059732521,0.2042154193147039,0.6865889165877571,0.4565508431797946,-0.6062870649097214,,False,False,False,-0.6068768966330087,0.6865953581850156,0.000589831723287304,-6.441597258488585e-06
Equation Solving More Than Two Steps,4772,MAP strong (50 counts each),1,63,0.5024481209895926,0.0969132295595546,0.2714471489348714,0.2042153958070841,0.6865889165877571,0.4565508440419877,-0.6062870664753734,,False,False,False,-0.6068769527385985,0.6865985789836448,0.0005898862632250923,-9.662395887732877e-06
Equation Solving More Than Two Steps,4772,MAP strong (50 counts each),2,49,0.5024474551334623,0.0969131085991217,0.2714476999064535,0.2042150943277469,0.6865889165877571,0.4565508550993806,-0.606287086554452,,False,False,False,-0.6068786592729368,0.6866340077685664,0.0005915727184848674,-4.509118080930907e-05
Addition Whole Numbers,4737,MLE,0,70,0.666153038244685,0.2254114661650834,0.3177059075987098,0.1232606462981771,0.693318044175276,0.4184039983919479,-0.5294141588679945,,False,False,False,-0.5294141588679945,0.693318044175276,0.0,0.0
Addition Whole Numbers,4737,MLE,1,71,0.666389710787454,0.2254543329571469,0.3174751955720752,0.1233042985835034,0.693318044175276,0.418403812140899,-0.52941638994271,,False,False,False,-0.52941638994271,0.693318044175276,0.0,0.0
Addition Whole Numbers,4737,MLE,2,74,0.6661568562066551,0.2254121584246747,0.3177021862380296,0.123261350301552,0.693318044175276,0.4184039953807816,-0.5294141948484188,,False,False,False,-0.5294141948484188,0.693318044175276,0.0,0.0
Addition Whole Numbers,4737,MAP weak (10 counts each),0,97,0.6593932750033749,0.2264270929119851,0.3179326882688575,0.1222822302974154,0.6934783576772353,0.4183992543662502,-0.5294011972391263,,False,False,False,-0.5294141588679945,0.693318044175276,1.2961628868213282e-05,0.00016031350195933047
Addition Whole Numbers,4737,MAP weak (10 counts each),1,99,0.6594010808599327,0.2264285907823785,0.3179250209428941,0.1222836741039135,0.6934783576772353,0.4183992481657548,-0.5294012704879743,,False,False,False,-0.52941638994271,0.693318044175276,1.5119454735756932e-05,0.00016031350195933047
Addition Whole Numbers,4737,MAP weak (10 counts each),2,101,0.6593934419523896,0.2264271249489798,0.3179325242833164,0.1222822611767848,0.6934783576772353,0.4183992542336263,-0.5294011988057327,,False,False,False,-0.5294141948484188,0.693318044175276,1.2996042686119758e-05,0.00016031350195933047
Addition Whole Numbers,4737,MAP strong (50 counts each),0,80,0.6401004474357541,0.2293336886944622,0.3150621452561518,0.1196027246801996,0.6935317955112219,0.4184031503142862,-0.529440028026148,,False,False,False,-0.5294141588679945,0.693318044175276,-2.5869158153501992e-05,0.000213751335945922
Addition Whole Numbers,4737,MAP strong (50 counts each),1,84,0.6401023160992232,0.2293340961483348,0.3150602549426083,0.1196030788412015,0.6935317955112219,0.4184031491850059,-0.529440046061897,,False,False,False,-0.52941638994271,0.693318044175276,-2.3656119186976632e-05,0.000213751335945922
Addition Whole Numbers,4737,MAP strong (50 counts each),2,83,0.6401004180652472,0.2293336822903011,0.31506217496692,0.1196027191137269,0.6935317955112219,0.4184031503320359,-0.5294400277426734,,False,False,False,-0.5294141948484188,0.693318044175276,-2.583289425461821e-05,0.000213751335945922
Exponents,4183,MLE,0,72,0.1300393634948652,0.0139576991213522,0.7168057647095196,4.392566417401911e-14,0.6499331848552339,0.4098684277910836,-0.5198618514700992,,True,True,True,-0.5198618514700992,0.6499331848552339,0.0,0.0
Exponents,4183,MLE,1,80,0.130034978518532,0.0139576525522152,0.7168064202209677,3.4770476633849475e-14,0.6499331848552339,0.4098684901506795,-0.5198619869644696,,True,True,True,-0.5198619869644696,0.6499331848552339,0.0,0.0
Exponents,4183,MLE,2,69,0.1300348217913995,0.0139576509918485,0.7168064435714732,3.447419368395211e-14,0.6499331848552339,0.4098684923698219,-0.5198619918132663,,True,True,True,-0.5198619918132663,0.6499331848552339,0.0,0.0
Exponents,4183,MAP weak (10 counts each),0,96,0.1745789169932984,0.0206507433900206,0.7026148313848437,0.0018604568895249,0.6528819599109132,0.4085022264536216,-0.5187774236607972,,True,False,False,-0.5198618514700992,0.6499331848552339,0.0010844278093020687,0.0029487750556793646
Exponents,4183,MAP weak (10 counts each),1,103,0.1745789248592856,0.020650744110201,0.7026148295644894,0.0018604569851079,0.6528819599109132,0.4085022262816569,-0.5187774235072197,,True,False,False,-0.5198619869644696,0.6499331848552339,0.001084563457249943,0.0029487750556793646
Exponents,4183,MAP weak (10 counts each),2,92,0.1745789260811633,0.020650744222342,0.7026148292814917,0.0018604569999728,0.6528819599109132,0.4085022262549148,-0.518777423483374,,True,False,False,-0.5198619918132663,0.6499331848552339,0.0010845683298923436,0.0029487750556793646
Exponents,4183,MAP strong (50 counts each),0,249,0.45421549152535,0.1511542307085845,0.4960616732294814,0.0541415434594267,0.6769710467706013,0.3989713308404136,-0.4967583363286937,,False,False,False,-0.5198618514700992,0.6499331848552339,0.023103515141405517,0.02703786191536739
Exponents,4183,MAP strong (50 counts each),1,256,0.454215489500865,0.1511542298638334,0.4960616749072072,0.0541415431921617,0.6769710467706013,0.3989713308786637,-0.4967583364462752,,False,False,False,-0.5198619869644696,0.6499331848552339,0.023103650518194407,0.02703786191536739
Exponents,4183,MAP strong (50 counts each),2,245,0.4542154875920887,0.151154229067361,0.4960616764890496,0.054141542940172,0.6769710467706013,0.3989713309147277,-0.4967583365571361,,False,False,False,-0.5198619918132663,0.6499331848552339,0.02310365525613023,0.02703786191536739
Range,4034,MLE,0,75,0.6974154454465655,0.3232320204552221,0.2043016456089197,0.1457712158015204,0.6066661264420314,0.4394542734939538,-0.5774737648062005,,False,False,False,-0.5774737648062005,0.6066661264420314,0.0,0.0
Range,4034,MLE,1,68,0.6975880695016511,0.3233697655889536,0.2039874000234401,0.1458053770070963,0.6066587597424602,0.4394519970186873,-0.577468382041617,,False,False,False,-0.577468382041617,0.6066587597424602,0.0,0.0
Range,4034,MLE,2,79,0.6974208344539491,0.3232362836989908,0.2042918679244565,0.1457722798991482,0.6066661264420314,0.4394542022855788,-0.5774735964367428,,False,False,False,-0.5774735964367428,0.6066661264420314,0.0,0.0
Range,4034,MAP weak (10 counts each),0,105,0.6843728713762917,0.3138669514920092,0.2187787168973245,0.1435876590603729,0.6096349063692486,0.4395950088638681,-0.5778363185985417,,False,False,False,-0.5774737648062005,0.6066661264420314,-0.00036255379234118035,0.0029687799272171134
Range,4034,MAP weak (10 counts each),1,96,0.6843743917625997,0.3138677269485921,0.2187763376163946,0.1435879314404195,0.6096349063692486,0.439594989892428,-0.5778362751681684,,False,False,False,-0.577468382041617,0.6066587597424602,-0.0003678931265513885,0.0029761466267883563
Range,4034,MAP weak (10 counts each),2,108,0.6843728560417569,0.3138669436711032,0.2187787408943255,0.1435876563131864,0.6096349063692486,0.4395950090552131,-0.5778363190365771,,False,False,False,-0.5774735964367428,0.6066661264420314,-0.00036272259983427535,0.0029687799272171134
Range,4034,MAP strong (50 counts each),0,89,0.6502057495633733,0.2938918745753756,0.2453848117450524,0.1381796894607707,0.6119701501333372,0.4399208010396822,-0.5786554834653319,,False,False,False,-0.5774737648062005,0.6066661264420314,-0.0011817186591314144,0.0053040236913057814
Range,4034,MAP strong (50 counts each),1,84,0.6502061839123613,0.2938920447409967,0.2453841947434338,0.1381797676993781,0.6119701501333372,0.4399207981931755,-0.5786554784693112,,False,False,False,-0.577468382041617,0.6066587597424602,-0.001187096427694212,0.005311390390877024
Range,4034,MAP strong (50 counts each),2,92,0.6502057609384869,0.2938918790318713,0.2453847955864341,0.1381796915097553,0.6119701501333372,0.4399208009651369,-0.5786554833344963,,False,False,False,-0.5774735964367428,0.6066661264420314,-0.001181886897753559,0.0053040236913057814
Division Fractions,4029,MLE,0,69,0.6091347627870219,0.2110396670206238,0.1655101743250631,0.1648147486105665,0.6955345790573063,0.4357936367723944,-0.5658591626186213,,False,False,False,-0.5658591626186213,0.6955345790573063,0.0,0.0
Division Fractions,4029,MLE,1,54,0.6093242989062494,0.2110727917310766,0.165323782429435,0.1648749479416332,0.6955345790573063,0.4357891724668417,-0.5658498670088502,,False,False,False,-0.5658498670088502,0.6955345790573063,0.0,0.0
Division Fractions,4029,MLE,2,74,0.6091407577989804,0.2110407152198835,0.1655042792768421,0.1648166526488943,0.6955345790573063,0.4357934954759316,-0.5658588684071036,,False,False,False,-0.5658588684071036,0.6955345790573063,0.0,0.0
Division Fractions,4029,MAP weak (10 counts each),0,104,0.5988715659892617,0.2101883817926609,0.1729756294974142,0.1620063650152392,0.6955572836254654,0.4360707825131388,-0.5664281240724409,,False,False,False,-0.5658591626186213,0.6955345790573063,-0.000568961453819572,2.2704568159115368e-05
Division Fractions,4029,MAP weak (10 counts each),1,94,0.5988737423541448,0.2101887843955419,0.1729734907468784,0.1620070668606757,0.6955572836254654,0.4360707284699245,-0.566428010827543,,False,False,False,-0.5658498670088502,0.6955345790573063,-0.0005781438186928112,2.2704568159115368e-05
Division Fractions,4029,MAP weak (10 counts each),2,108,0.5988715147589256,0.2101883723155732,0.1729756798422855,0.1620063484942177,0.6955572836254654,0.4360707837852924,-0.5664281267381769,,False,False,False,-0.5658588684071036,0.6955345790573063,-0.0005692583310732413,2.2704568159115368e-05
Division Fractions,4029,MAP strong (50 counts each),0,87,0.5717652747028653,0.2079232071828061,0.1911594846534015,0.1543608754614239,0.6955289029152666,0.4368697985903453,-0.5680943143603866,,False,False,False,-0.5658591626186213,0.6955345790573063,-0.002235151741765251,-5.676142039723331e-06
Division Fractions,4029,MAP strong (50 counts each),1,86,0.5717657708490879,0.2079233170961494,0.1911589883819142,0.1543610473913829,0.6955289029152666,0.4368697849007671,-0.5680942849272081,,False,False,False,-0.5658498670088502,0.6955345790573063,-0.002244417918357944,-5.676142039723331e-06
Division Fractions,4029,MAP strong (50 counts each),2,92,0.571765286558558,0.207923209809252,0.1911594727947133,0.1543608795697887,0.6955289029152666,0.4368697982632248,-0.5680943136570635,,False,False,False,-0.5658588684071036,0.6955345790573063,-0.0022354452499598887,-5.676142039723331e-06
Box and Whisker,3957,MLE,0,72,0.686826400515001,0.1096802784185622,0.4416806938206511,0.1557593137463649,0.6994346329537412,0.4022935075518383,-0.5002406584266302,,False,False,False,-0.5002406584266302,0.6994346329537412,0.0,0.0
Box and Whisker,3957,MLE,1,83,0.6868252403275609,0.1096801147923931,0.44168148433492,0.1557590880303758,0.6994346329537412,0.4022935354486085,-0.5002407040815792,,False,False,False,-0.5002407040815792,0.6994346329537412,0.0,0.0
Box and Whisker,3957,MLE,2,56,0.6868250770317976,0.1096809074870849,0.4416806593334245,0.1557591690123288,0.6994346329537412,0.4022935071536576,-0.5002406521551805,,False,False,False,-0.5002406521551805,0.6994346329537412,0.0,0.0
Box and Whisker,3957,MAP weak (10 counts each),0,88,0.6682653468317863,0.1198749045683061,0.4349011737298723,0.1541784556333031,0.7007535546548285,0.4020697171232611,-0.4997983398385495,,False,False,False,-0.5002406584266302,0.6994346329537412,0.00044231858808074787,0.0013189217010872722
Box and Whisker,3957,MAP weak (10 counts each),1,57,0.6692768145613255,0.1200392406867561,0.4341858977752652,0.1543785946160962,0.7007776812713118,0.402044513898918,-0.499756825634559,,False,False,False,-0.5002407040815792,0.6994346329537412,0.0004838784470201918,0.0013430483175705943
Box and Whisker,3957,MAP weak (10 counts each),2,44,0.6687146859977845,0.1199496806251166,0.4345816631914418,0.1542675969586104,0.700745512449334,0.4020584548460974,-0.4997797734598163,,False,False,False,-0.5002406521551805,0.6994346329537412,0.00046087869536426407,0.0013108794955928316
Box and Whisker,3957,MAP strong (50 counts each),0,94,0.6343359730726176,0.1491639574651647,0.4027793160332984,0.15311474400613,0.7001986424757125,0.4013163775721448,-0.4984576580926625,,False,False,False,-0.5002406584266302,0.6994346329537412,0.0017830003339677214,0.0007640095219713094
Box and Whisker,3957,MAP strong (50 counts each),1,100,0.6343359552623803,0.1491639506522518,0.4027793338969856,0.1531147397534644,0.7001986424757125,0.401316378089093,-0.4984576589436415,,False,False,False,-0.5002407040815792,0.6994346329537412,0.0017830451379376444,0.0007640095219713094
Box and Whisker,3957,MAP strong (50 counts each),2,84,0.6343359739373354,0.149163957795969,0.402779315165958,0.1531147442126078,0.7001986424757125,0.4013163775470456,-0.4984576580513452,,False,False,False,-0.5002406521551805,0.6994346329537412,0.001782994103835367,0.0007640095219713094
Stem and Leaf Plot,3828,MLE,0,60,0.7965747533894934,0.1120424195439457,0.098725436941825,0.2400820778720559,0.6288167119759621,0.4479326329508521,-0.5894515953517165,,False,False,False,-0.5894515953517165,0.6288167119759621,0.0,0.0
Stem and Leaf Plot,3828,MLE,1,54,0.7965762650358167,0.1120425917765687,0.0987233701230697,0.2400825528138575,0.6288167119759621,0.4479326357966992,-0.589451613833233,,False,False,False,-0.589451613833233,0.6288167119759621,0.0,0.0
Stem and Leaf Plot,3828,MLE,2,63,0.7965795396445159,0.1120429646807933,0.0987188931641721,0.240083581628456,0.6288167119759621,0.447932641965309,-0.5894516538747734,,False,False,False,-0.5894516538747734,0.6288167119759621,0.0,0.0
Stem and Leaf Plot,3828,MAP weak (10 counts each),0,77,0.7658612015422454,0.1184835466611833,0.1195978248107694,0.2340563372993448,0.6277149806839317,0.4477803234156857,-0.5890098778543317,,False,False,False,-0.5894515953517165,0.6288167119759621,0.00044171749738486366,-0.0011017312920303945
Stem and Leaf Plot,3828,MAP weak (10 counts each),1,71,0.7658612258298857,0.1184835490764009,0.1195977944757039,0.2340563443709434,0.6277149806839317,0.4477803234381821,-0.5890098780790317,,False,False,False,-0.589451613833233,0.6288167119759621,0.00044173575420125566,-0.0011017312920303945
Stem and Leaf Plot,3828,MAP weak (10 counts each),2,80,0.7658612153212022,0.1184835480313844,0.1195978076009796,0.2340563413112295,0.6277149806839317,0.4477803234284486,-0.5890098779818095,,False,False,False,-0.5894516538747734,0.6288167119759621,0.00044177589296390263,-0.0011017312920303945
Stem and Leaf Plot,3828,MAP strong (50 counts each),0,70,0.6901357851530618,0.1362630541680509,0.1590279223187272,0.2209736747863544,0.628058377450279,0.4474653132767442,-0.5881654056148344,,False,False,False,-0.5894515953517165,0.6288167119759621,0.001286189736882104,-0.0007583345256830798
Stem and Leaf Plot,3828,MAP strong (50 counts each),1,58,0.690135780815243,0.1362630531500036,0.1590279280581614,0.2209736734476713,0.628058377450279,0.44746531327931,-0.5881654055963408,,False,False,False,-0.589451613833233,0.6288167119759621,0.0012862082368921834,-0.0007583345256830798
Stem and Leaf Plot,3828,MAP strong (50 counts each),2,73,0.6901357829930577,0.136263053661069,0.1590279251767356,0.2209736741197503,0.628058377450279,0.4474653132780224,-0.5881654056056265,,False,False,False,-0.5894516538747734,0.6288167119759621,0.0012862482691469168,-0.0007583345256830798
"Angles - Obtuse, Acute, and Right",3590,MLE,0,7,0.854899620594799,0.0277672062077047,2.1489655492782814e-10,0.2954194756843252,0.5127564285675994,0.5378104104476763,-0.7778019060914261,,False,True,False,-0.7778019060914261,0.5127564285675994,0.0,0.0
"Angles - Obtuse, Acute, and Right",3590,MLE,1,6,0.8548996090506659,0.0277672082810377,7.222358384385244e-10,0.2954194756691234,0.5127568114825471,0.5378104104515474,-0.7778019060965505,,False,True,False,-0.7778019060965505,0.5127568114825471,0.0,0.0
"Angles - Obtuse, Acute, and Right",3590,MLE,2,6,0.840407152060944,0.0024615580418146,0.3655073192815007,0.1696696948501553,0.7688066761986961,0.4627152873934241,-0.6344516952446309,,False,False,True,-0.6344516952446309,0.7688066761986961,0.0,0.0
"Angles - Obtuse, Acute, and Right",3590,MAP weak (10 counts each),0,8,0.637445470658389,0.066935018301182,0.0449314401200881,0.2938768444968173,0.5535115981108508,0.5173240054624333,-0.7292118612217799,,False,False,False,-0.7778019060914261,0.5127564285675994,0.04859004486964613,0.040755169543251424
"Angles - Obtuse, Acute, and Right",3590,MAP weak (10 counts each),1,8,0.6374454721948714,0.0669350179140203,0.0449314398115711,0.2938768444997059,0.5535115981108507,0.5173240055175453,-0.7292118613296216,,False,False,False,-0.7778019060965505,0.5127568114825471,0.048590044766928964,0.04075478662830356
"Angles - Obtuse, Acute, and Right",3590,MAP weak (10 counts each),2,7,0.6266129773181597,0.0072817939787848,0.361585515618843,0.1690635458522203,0.7687006087581838,0.4625942531867898,-0.6346641215421857,,False,False,True,-0.6344516952446309,0.7688066761986961,-0.0002124262975548019,-0.0001060674405123363
"Angles - Obtuse, Acute, and Right",3590,MAP strong (50 counts each),0,8,0.5347120436095317,0.1306944549998521,0.1196090433935105,0.2880067964438277,0.5848405503866291,0.5124870992895624,-0.7222946409636312,,False,False,False,-0.7778019060914261,0.5127564285675994,0.055507265127794914,0.07208412181902968
"Angles - Obtuse, Acute, and Right",3590,MAP strong (50 counts each),1,7,0.5347120433198246,0.1306944551045266,0.1196090435566959,0.2880067964456931,0.5848397845567338,0.5124870992606482,-0.7222946409051092,,False,False,False,-0.7778019060965505,0.5127568114825471,0.055507265191441335,0.07208297307418665
"Angles - Obtuse, Acute, and Right",3590,MAP strong (50 counts each),2,6,0.5337726847174545,0.0244217639378012,0.3476437130189286,0.1661007034586114,0.7620110846219059,0.4658384955185807,-0.6429982566008906,,False,False,False,-0.6344516952446309,0.7688066761986961,-0.008546561356259752,-0.006795591576790216
Ordering Integers,3532,MLE,0,25,0.8597503521015877,0.0275167135569217,0.4358155307150975,0.1240537298913374,0.5820230607966457,0.4043241681830691,-0.5102357023273609,,False,False,False,-0.5102357023273609,0.5820230607966457,0.0,0.0
Ordering Integers,3532,MLE,1,21,0.8597610677403891,0.0275169985230225,0.4358039923570341,0.124055874049621,0.581978644778453,0.4043237133515187,-0.5102348594215993,,False,False,False,-0.5102348594215993,0.581978644778453,0.0,0.0
Ordering Integers,3532,MLE,2,24,0.8597554599985567,0.0275145810630205,0.435813307250475,0.1240546894237193,0.5820230607966457,0.4043240756170303,-0.5102354723085347,,False,False,False,-0.5102354723085347,0.5820230607966457,0.0,0.0
Ordering Integers,3532,MAP weak (10 counts each),0,40,0.8389675638528712,0.0380094764102564,0.4325987405281553,0.1220332743862515,0.5778035390683296,0.4044126191451593,-0.510632044519297,,False,False,False,-0.5102357023273609,0.5820230607966457,-0.0003963421919360721,-0.004219521728316078
Ordering Integers,3532,MAP weak (10 counts each),1,28,0.8389676595843882,0.038009478219113,0.4325986391498897,0.1220332925459787,0.5778035390683296,0.404412615464795,-0.5106320377170255,,False,False,False,-0.5102348594215993,0.581978644778453,-0.00039717829542618155,-0.004175105710123361
Ordering Integers,3532,MAP weak (10 counts each),2,39,0.8389675774551815,0.0380094726546423,0.4325987318038716,0.1220332768171142,0.5778035390683296,0.4044126188071688,-0.5106320437920066,,False,False,False,-0.5102354723085347,0.5820230607966457,-0.00039657148347183035,-0.004219521728316078
Ordering Integers,3532,MAP strong (50 counts each),0,41,0.77384837861094,0.0680866308056063,0.4234719936372244,0.1165258029680423,0.5744989873147851,0.4051201867390612,-0.512771908042033,,False,False,False,-0.5102357023273609,0.5820230607966457,-0.0025362057146720574,-0.0075240734818605715
Ordering Integers,3532,MAP strong (50 counts each),1,39,0.7738484339338496,0.068086619918025,0.4234719535658024,0.1165258120915668,0.5744989873147851,0.4051201853229152,-0.5127719050758967,,False,False,False,-0.5102348594215993,0.581978644778453,-0.002537045654297354,-0.007479657463667855
Ordering Integers,3532,MAP strong (50 counts each),2,39,0.7738483777322459,0.0680866309785597,0.4234719942736427,0.1165258028231346,0.5744989873147851,0.4051201867615532,-0.5127719080891437,,False,False,False,-0.5102354723085347,0.5820230607966457,-0.0025364357806090254,-0.0075240734818605715
Order of Operations All,3338,MLE,0,58,0.5889121675870375,0.1587353495504056,0.2392629201988088,0.2237397576722847,0.6379408842523596,0.4686603647626633,-0.6299282543362212,,False,False,False,-0.6299282543362212,0.6379408842523596,0.0,0.0
Order of Operations All,3338,MLE,1,50,0.5891511970987832,0.1587488050441543,0.2391219794438635,0.2238031505440919,0.6379719324391455,0.4686611719413751,-0.6299294465747741,,False,False,False,-0.6299294465747741,0.6379719324391455,0.0,0.0
Order of Operations All,3338,MLE,2,63,0.5889189508342532,0.1587357319019524,0.2392589206068203,0.2237415563140213,0.6379408842523596,0.4686603876352466,-0.6299282880812775,,False,False,False,-0.6299282880812775,0.6379408842523596,0.0,0.0
Order of Operations All,3338,MAP weak (10 counts each),0,84,0.5792302086104771,0.1604608906372398,0.2413545673776735,0.2208044653739068,0.6379781420765027,0.468633625448408,-0.6299026561035219,,False,False,False,-0.6299282543362212,0.6379408842523596,2.5598232699319823e-05,3.725782414309986e-05
Order of Operations All,3338,MAP weak (10 counts each),1,78,0.5792341133532388,0.1604611636362526,0.2413522202301022,0.2208055187005274,0.6379781420765027,0.4686336365508144,-0.629902670051289,,False,False,False,-0.6299294465747741,0.6379719324391455,2.677652348515025e-05,6.209637357201814e-06
Order of Operations All,3338,MAP weak (10 counts each),2,88,0.5792300895089539,0.160460882310143,0.2413546389697833,0.2208044332457,0.6379781420765027,0.4686336251097754,-0.6299026556781178,,False,False,False,-0.6299282880812775,0.6379408842523596,2.5632403159780992e-05,3.725782414309986e-05
Order of Operations All,3338,MAP strong (50 counts each),0,68,0.5549478488128272,0.1657584097575254,0.2444282226759016,0.212254995958947,0.638375558867362,0.4686344149211634,-0.6300133210270811,,False,False,False,-0.6299282543362212,0.6379408842523596,-8.506669085983631e-05,0.0004346746150023506
Order of Operations All,3338,MAP strong (50 counts each),1,68,0.5549486099892875,0.1657584955686923,0.2444277318348074,0.2122552191041794,0.638375558867362,0.4686344159326847,-0.6300133204943644,,False,False,False,-0.6299294465747741,0.6379719324391455,-8.387391959030488e-05,0.00040362642821645256
Order of Operations All,3338,MAP strong (50 counts each),2,72,0.5549478219578392,0.1657584067300231,0.2444282399932167,0.2122549880861888,0.638375558867362,0.4686344148854765,-0.630013321045877,,False,False,False,-0.6299282880812775,0.6379408842523596,-8.503296459949627e-05,0.0004346746150023506
Area Parallelogram,3323,MLE,0,76,0.9130432966724312,0.4999996084544794,2.18148788707089e-06,1.2528538647296994e-128,0.9995201919232308,0.1372620736461154,-0.0544424347481214,,False,True,False,-0.0544424347481214,0.9995201919232308,0.0,0.0
Area Parallelogram,3323,MLE,1,59,0.9130432644259976,0.4999995389248676,2.5688748871362988e-06,2.6610150521752856e-100,0.9995201919232308,0.1372621039325465,-0.0544424516453763,,False,True,False,-0.0544424516453763,0.9995201919232308,0.0,0.0
Area Parallelogram,3323,MLE,2,71,0.913043284130762,0.4999995814121553,2.332155122001224e-06,1.915333769658877e-120,0.9995201919232308,0.1372620854254721,-0.0544424413200011,,False,True,False,-0.0544424413200011,0.9995201919232308,0.0,0.0
Area Parallelogram,3323,MAP weak (10 counts each),0,28,0.8398716268827872,0.2361349252831533,0.216925350365484,0.0004152028717645,0.9995201919232308,0.1139740257449656,-0.0435866130903958,,False,True,False,-0.0544424347481214,0.9995201919232308,0.010855821657725605,0.0
Area Parallelogram,3323,MAP weak (10 counts each),1,24,0.8398716279058372,0.2361349247397887,0.2169253464939679,0.0004152028717773,0.9995201919232308,0.1139740249424734,-0.0435866126997662,,False,True,False,-0.0544424516453763,0.9995201919232308,0.010855838945610097,0.0
Area Parallelogram,3323,MAP weak (10 counts each),2,27,0.8398716270087708,0.2361349252162406,0.2169253498887251,0.0004152028717661,0.9995201919232308,0.1139740256461425,-0.0435866130422916,,False,True,False,-0.0544424413200011,0.9995201919232308,0.010855828277709506,0.0
Area Parallelogram,3323,MAP strong (50 counts each),0,17,0.7092794859297294,0.2128882842074518,0.2330430195609444,0.0020292053175457,0.9995201919232306,0.1153663527459595,-0.0469393475417777,,False,False,False,-0.0544424347481214,0.9995201919232308,0.007503087206343705,-2.220446049250313e-16
Area Parallelogram,3323,MAP strong (50 counts each),1,15,0.7092794889034785,0.2128882832377408,0.2330430145832782,0.002029205317503,0.9995201919232306,0.11536635163238,-0.0469393469741579,,False,False,False,-0.0544424516453763,0.9995201919232308,0.007503104671218397,-2.220446049250313e-16
Area Parallelogram,3323,MAP strong (50 counts each),2,17,0.7092794894020492,0.2128882830751617,0.2330430137487359,0.0020292053174958,0.9995201919232306,0.1153663514456802,-0.0469393468789922,,False,False,False,-0.0544424413200011,0.9995201919232308,0.007503094441008905,-2.220446049250313e-16
Unit Rate,3315,MLE,0,107,0.7132319715439278,0.0596727414462646,0.1626770508240949,0.4008715701689844,0.6638709730158341,0.4813540650561438,-0.6549626797315258,,False,False,False,-0.6549626797315258,0.6638709730158341,0.0,0.0
Unit Rate,3315,MLE,1,99,0.7132231005753875,0.059673611161255,0.1626804466325821,0.4008684037882304,0.6638709730158341,0.4813539945582288,-0.6549625605993962,,False,False,False,-0.6549625605993962,0.6638709730158341,0.0,0.0
Unit Rate,3315,MLE,2,112,0.7132312693151428,0.0596728102976053,0.1626773196339227,0.400871319517793,0.6638709730158341,0.4813540594750189,-0.654962670300036,,False,False,False,-0.654962670300036,0.6638709730158341,0.0,0.0
Unit Rate,3315,MAP weak (10 counts each),0,185,0.6640328891283183,0.0674315303742932,0.1772213967261972,0.383029841370175,0.6658083396686041,0.4808393617640739,-0.6540524706993116,,False,False,False,-0.6549626797315258,0.6638709730158341,0.0009102090322141709,0.0019373666527700006
Unit Rate,3315,MAP weak (10 counts each),1,177,0.6640328707793781,0.0674315311537533,0.1772214043313617,0.3830298343748021,0.6658083396686041,0.4808393617195736,-0.6540524706501885,,False,False,False,-0.6549625605993962,0.6638709730158341,0.0009100899492077152,0.0019373666527700006
Unit Rate,3315,MAP weak (10 counts each),2,190,0.6640328839137701,0.0674315305958064,0.1772213988874932,0.3830298393821752,0.6658083396686041,0.4808393617514275,-0.6540524706853514,,False,False,False,-0.654962670300036,0.6638709730158341,0.0009101996146845259,0.0019373666527700006
Unit Rate,3315,MAP strong (50 counts each),0,140,0.5405447277800828,0.0808174650796309,0.2146718613915205,0.3268706092847452,0.6621951917339023,0.4801769463397493,-0.6529615972754939,,False,False,False,-0.6549626797315258,0.6638709730158341,0.002001082456031922,-0.0016757812819317985
Unit Rate,3315,MAP strong (50 counts each),1,129,0.5405447219595623,0.0808174649134318,0.2146718637452203,0.3268706063882153,0.6621951917339023,0.4801769463769849,-0.6529615973567778,,False,False,False,-0.6549625605993962,0.6638709730158341,0.0020009632426183366,-0.0016757812819317985
Unit Rate,3315,MAP strong (50 counts each),2,145,0.5405447155321672,0.0808174647299043,0.214671866344328,0.3268706031896787,0.6621951917339023,0.4801769464181029,-0.6529615974465368,,False,False,False,-0.654962670300036,0.6638709730158341,0.002001072853499153,-0.0016757812819317985
Least Common Multiple,3256,MLE,0,40,0.5143287941494525,0.3123563622034076,0.0849743249846193,0.2496319177816171,0.6484166856968867,0.451459567047983,-0.5964755613650347,,False,False,False,-0.5964755613650347,0.6484166856968867,0.0,0.0
Least Common Multiple,3256,MLE,1,35,0.5143434327625938,0.3123528162121485,0.0849691013517405,0.2496335752197922,0.6484166856968867,0.4514597325013054,-0.5964758798808714,,False,False,False,-0.5964758798808714,0.6484166856968867,0.0,0.0
Least Common Multiple,3256,MLE,2,43,0.514340948314731,0.3123532920182842,0.0849701570948098,0.2496332814560866,0.6484166856968867,0.4514596971818702,-0.5964758118496964,,False,False,False,-0.5964758118496964,0.6484166856968867,0.0,0.0
Least Common Multiple,3256,MAP weak (10 counts each),0,58,0.5088848533367133,0.305900110299615,0.0955424388233467,0.2477995861055164,0.6493967420263377,0.4510200309883516,-0.5956225641912707,,False,False,False,-0.5964755613650347,0.6484166856968867,0.0008529971737639697,0.0009800563294509734
Least Common Multiple,3256,MAP weak (10 counts each),1,53,0.5088849776596223,0.3059000843013887,0.0955423889985216,0.2477996010185415,0.6493967420263377,0.4510200323560612,-0.5956225668197377,,False,False,False,-0.5964758798808714,0.6484166856968867,0.0008533130611336759,0.0009800563294509734
Least Common Multiple,3256,MAP weak (10 counts each),2,61,0.5088849485571831,0.3059000902938199,0.0955424007874003,0.2477995975176835,0.6493967420263377,0.4510200320312907,-0.5956225661955542,,False,False,False,-0.5964758118496964,0.6484166856968867,0.0008532456541422428,0.0009800563294509734
Least Common Multiple,3256,MAP strong (50 counts each),0,55,0.4969134332797619,0.2834401245035545,0.127583677774641,0.2412890451927904,0.653335997564132,0.4499400319846129,-0.5935236220865568,,False,False,False,-0.5964755613650347,0.6484166856968867,0.002951939278477811,0.004919311867245257
Least Common Multiple,3256,MAP strong (50 counts each),1,48,0.4969134516710812,0.2834401264962046,0.127583663119774,0.2412890486776123,0.653335997564132,0.4499400323043625,-0.5935236226908748,,False,False,False,-0.5964758798808714,0.6484166856968867,0.0029522571899965877,0.004919311867245257
Least Common Multiple,3256,MAP strong (50 counts each),2,58,0.4969134425483815,0.2834401253547807,0.1275836705854403,0.2412890469252958,0.653335997564132,0.4499400321408722,-0.5935236223817971,,False,False,False,-0.5964758118496964,0.6484166856968867,0.0029521894678993243,0.004919311867245257
Equivalent Fractions,2942,MLE,0,31,0.6647429210105595,0.083463431189599,0.0774546027751909,0.3016965172669276,0.7265005541819421,0.4568333253876919,-0.6063926203254622,,False,False,False,-0.6063926203254622,0.7265005541819421,0.0,0.0
Equivalent Fractions,2942,MLE,1,29,0.6647442563865248,0.0834631790853288,0.0774541671347505,0.3016969686853314,0.7265005541819421,0.4568333603491154,-0.6063926793239156,,False,False,False,-0.6063926793239156,0.7265005541819421,0.0,0.0
Equivalent Fractions,2942,MLE,2,34,0.6647493156413816,0.0834619183600439,0.07745295233063,0.301698532019272,0.7265005541819421,0.4568334975306217,-0.6063929137280973,,False,False,False,-0.6063929137280973,0.7265005541819421,0.0,0.0
Equivalent Fractions,2942,MAP weak (10 counts each),0,49,0.646015613333502,0.088563735461164,0.0829506187767828,0.2960546143234253,0.7265112115269844,0.456362265231469,-0.6055938040364527,,False,False,False,-0.6063926203254622,0.7265005541819421,0.000798816289009463,1.0657345042242028e-05
Equivalent Fractions,2942,MAP weak (10 counts each),1,46,0.6460155832224392,0.0885637414192441,0.0829506282664708,0.2960546041533982,0.7265112115269844,0.4563622645531189,-0.6055938029128702,,False,False,False,-0.6063926793239156,0.7265005541819421,0.0007988764110453683,1.0657345042242028e-05
Equivalent Fractions,2942,MAP weak (10 counts each),2,52,0.6460156233469238,0.0885637334799175,0.0829506156208321,0.2960546177055193,0.7265112115269844,0.4563622654570518,-0.6055938044100948,,False,False,False,-0.6063929137280973,0.7265005541819421,0.0007991093180025333,1.0657345042242028e-05
Equivalent Fractions,2942,MAP strong (50 counts each),0,51,0.5926397893654443,0.1024436557507165,0.1019102225921864,0.2774731551621755,0.7280032398328928,0.4554726439310675,-0.6041983706311146,,False,False,False,-0.6063926203254622,0.7265005541819421,0.002194249694347561,0.0015026856509506858
Equivalent Fractions,2942,MAP strong (50 counts each),1,47,0.5926397851168409,0.1024436558938435,0.1019102249661288,0.2774731532133994,0.7280032398328928,0.4554726439104143,-0.6041983706178521,,False,False,False,-0.6063926793239156,0.7265005541819421,0.002194308706063519,0.0015026856509506858
Equivalent Fractions,2942,MAP strong (50 counts each),2,54,0.5926397849829972,0.1024436558975766,0.1019102250420424,0.2774731531515502,0.7280032398328928,0.4554726439097923,-0.6041983706174912,,False,False,False,-0.6063929137280973,0.7265005541819421,0.002194543110606184,0.0015026856509506858
Mean,2939,MLE,0,76,0.6909590490752757,0.1536666768655906,0.0266282984778319,0.3439923723352149,0.6486035890388813,0.478115804552132,-0.6490368475854829,,False,False,False,-0.6490368475854829,0.6486035890388813,0.0,0.0
Mean,2939,MLE,1,71,0.6909551418632197,0.1536674288322329,0.0266304220448104,0.3439909713230276,0.648608641176946,0.4781157086215844,-0.6490366555818996,,False,False,False,-0.6490366555818996,0.648608641176946,0.0,0.0
Mean,2939,MLE,2,80,0.6909566973378605,0.1536671292150706,0.0266295768777348,0.3439915290289564,0.6486035890388813,0.4781157468000842,-0.649036731994728,,False,False,False,-0.649036731994728,0.6486035890388813,0.0,0.0
Mean,2939,MAP weak (10 counts each),0,94,0.6562165155093982,0.1594769207368305,0.0477064675552939,0.3316775063631931,0.651240805108722,0.4774619805552973,-0.6477372228226154,,False,False,False,-0.6490368475854829,0.6486035890388813,0.0012996247628674906,0.0026372160698406866
Mean,2939,MAP weak (10 counts each),1,89,0.6562165011539476,0.1594769240449858,0.0477064743284945,0.3316775016570745,0.651240805108722,0.4774619804365972,-0.6477372225985601,,False,False,False,-0.6490366555818996,0.648608641176946,0.0012994329833394547,0.0026321639317758994
Mean,2939,MAP weak (10 counts each),2,98,0.6562165119302247,0.1594769215616194,0.0477064692440383,0.331677505189838,0.651240805108722,0.477461980525702,-0.6477372227667518,,False,False,False,-0.649036731994728,0.6486035890388813,0.00129950922797617,0.0026372160698406866
Mean,2939,MAP strong (50 counts each),0,75,0.5874027667131119,0.1699575551509519,0.0894061783762994,0.3070656129071812,0.6547671974779725,0.4770483030295835,-0.6469736155639917,,False,False,False,-0.6490368475854829,0.6486035890388813,0.002063232021491168,0.0061636084390912504
Mean,2939,MAP strong (50 counts each),1,70,0.5874027629116049,0.1699575555473628,0.0894061804647137,0.3070656116948331,0.6547671974779725,0.4770483030317921,-0.6469736155722826,,False,False,False,-0.6490366555818996,0.648608641176946,0.00206304000961699,0.006158556301026463
Mean,2939,MAP strong (50 counts each),2,79,0.5874027689173649,0.1699575549211122,0.0894061771653475,0.3070656136101469,0.6547671974779725,0.4770483030283031,-0.6469736155591849,,False,False,False,-0.649036731994728,0.6486035890388813,0.002063116435543133,0.0061636084390912504
Divisibility Rules,2809,MLE,0,42,0.2187113874278022,0.1870017145328637,0.2843580811391555,0.1944467244789385,0.7337263911571216,0.4454544598442917,-0.5853456998628115,,False,False,False,-0.5853456998628115,0.7337263911571216,0.0,0.0
Divisibility Rules,2809,MLE,1,45,0.218714125208486,0.1870017880554678,0.2843569087075228,0.1944471472898543,0.7337263911571216,0.4454543754910128,-0.5853455366831025,,False,False,False,-0.5853455366831025,0.7337263911571216,0.0,0.0
Divisibility Rules,2809,MLE,2,41,0.2187198477612078,0.1870019401282347,0.2843544599425429,0.1944480304317755,0.7337263911571216,0.4454541992591293,-0.5853451957704482,,False,False,False,-0.5853451957704482,0.7337263911571216,0.0,0.0
Divisibility Rules,2809,MAP weak (10 counts each),0,58,0.2674376173760709,0.1850083709695488,0.2707403725541372,0.1984034065684101,0.7454350854854633,0.4445193245753274,-0.5835380696120449,,False,False,False,-0.5853456998628115,0.7337263911571216,0.0018076302507665787,0.011708694328341762
Divisibility Rules,2809,MAP weak (10 counts each),1,61,0.2674376387785729,0.1850083717941455,0.2707403628185792,0.1984034103389844,0.7454350854854633,0.4445193239828094,-0.5835380684553596,,False,False,False,-0.5853455366831025,0.7337263911571216,0.0018074682277429144,0.011708694328341762
Divisibility Rules,2809,MAP weak (10 counts each),2,56,0.2674376629216995,0.1850083727241187,0.2707403518366259,0.1984034145923074,0.7454350854854633,0.4445193233144299,-0.5835380671505814,,False,False,False,-0.5853451957704482,0.7337263911571216,0.0018071286198667602,0.011708694328341762
Divisibility Rules,2809,MAP strong (50 counts each),0,39,0.3539276363714846,0.1816579338767593,0.2477382058468814,0.2036824157798184,0.745398178647549,0.4435137291205713,-0.5815301741831529,,False,False,False,-0.5853456998628115,0.7337263911571216,0.0038155256796585935,0.01167178749042741
Divisibility Rules,2809,MAP strong (50 counts each),1,43,0.3539276302615304,0.1816579334155779,0.2477382091743167,0.2036824143350513,0.745398178647549,0.4435137292744292,-0.5815301744887161,,False,False,False,-0.5853455366831025,0.7337263911571216,0.0038153621943863847,0.01167178749042741
Divisibility Rules,2809,MAP strong (50 counts each),2,35,0.3539275018734412,0.1816579237484571,0.2477382790638208,0.20368238398465,0.745398178647549,0.4435137325061466,-0.5815301809070098,,False,False,False,-0.5853451957704482,0.7337263911571216,0.003815014863438382,0.01167178749042741
"Order of Operations +,-,/,* () positive reals",2339,MLE,0,40,0.9202855682369232,0.0166297259553647,0.0900778248023622,0.2640964106924425,0.6556139512661252,0.4540776018779024,-0.6024293777352605,,False,False,True,-0.6024293777352605,0.6556139512661252,0.0,0.0
"Order of Operations +,-,/,* () positive reals",2339,MLE,1,35,0.9202848642541736,0.0166306451957599,0.0900780060572598,0.2640960594620692,0.6556139512661252,0.4540775533092722,-0.6024292547985841,,False,False,True,-0.6024292547985841,0.6556139512661252,0.0,0.0
"Order of Operations +,-,/,* () positive reals",2339,MLE,2,41,0.9202877714054638,0.0166268886193488,0.0900772207635589,0.2640975099300601,0.6556139512661252,0.4540777516607189,-0.6024297578480629,,False,False,True,-0.6024297578480629,0.6556139512661252,0.0,0.0
"Order of Operations +,-,/,* () positive reals",2339,MAP weak (10 counts each),0,60,0.896497542612706,0.0403364051595416,0.1004451110898192,0.2558614676567703,0.6557286192068801,0.4530544975146839,-0.5997822179593173,,False,False,False,-0.6024293777352605,0.6556139512661252,0.0026471597759432086,0.00011466794075487563
"Order of Operations +,-,/,* () positive reals",2339,MAP weak (10 counts each),1,55,0.8964975462579525,0.0403364012767267,0.1004451095995702,0.2558614692285371,0.6557286192068801,0.4530544976631108,-0.5997822183328285,,False,False,False,-0.6024292547985841,0.6556139512661252,0.0026470364657555923,0.00011466794075487563
"Order of Operations +,-,/,* () positive reals",2339,MAP weak (10 counts each),2,61,0.8964975458201162,0.0403364017430185,0.100445109778649,0.2558614690397492,0.6557286192068801,0.4530544976452862,-0.5997822182879718,,False,False,False,-0.6024297578480629,0.6556139512661252,0.0026475395600910057,0.00011466794075487563
"Order of Operations +,-,/,* () positive reals",2339,MAP strong (50 counts each),0,101,0.7860501739919306,0.0948558437091739,0.1908512501852829,0.2118052469122663,0.656741519350215,0.4522637064845588,-0.5972666067002601,,False,False,False,-0.6024293777352605,0.6556139512661252,0.005162771035000402,0.0011275680840897584
"Order of Operations +,-,/,* () positive reals",2339,MAP strong (50 counts each),1,94,0.7860501773896904,0.0948558432035891,0.1908512466606625,0.2118052484413045,0.656741519350215,0.452263706447565,-0.5972666066365221,,False,False,False,-0.6024292547985841,0.6556139512661252,0.005162648162062022,0.0011275680840897584
"Order of Operations +,-,/,* () positive reals",2339,MAP strong (50 counts each),2,102,0.7860501745401648,0.0948558436275971,0.1908512496165798,0.2118052471589794,0.656741519350215,0.4522637064785899,-0.5972666066899757,,False,False,False,-0.6024297578480629,0.6556139512661252,0.005163151158087187,0.0011275680840897584
Multiplication and Division Integers,12975,MLE,0,19,0.966674253372822,0.0151057283771179,6.648356479220951e-10,0.2228545281283644,0.6084658393122616,0.377575055061465,-0.4603208042027404,,False,True,True,-0.4603208042027404,0.6084658393122616,0.0,0.0
Multiplication and Division Integers,12975,MLE,1,18,0.9666742522157092,0.0151057293210816,5.742037868695887e-10,0.2228545279676734,0.6084658393122616,0.3775750550642055,-0.4603208041699212,,False,True,True,-0.4603208041699212,0.6084658393122616,0.0,0.0
Multiplication and Division Integers,12975,MLE,2,19,0.9666742569848096,0.0151057255756562,5.164516761566134e-10,0.2228545286753666,0.6084658393122616,0.377575055058203,-0.4603208043227371,,False,True,True,-0.4603208043227371,0.6084658393122616,0.0,0.0
Multiplication and Division Integers,12975,MAP weak (10 counts each),0,21,0.9567969740913712,0.020156390578677,0.004200876387695,0.2221547894755169,0.6259162303664922,0.3777973009143382,-0.4604111501970435,,False,False,False,-0.4603208042027404,0.6084658393122616,-9.0345994303076e-05,0.01745039105423063
Multiplication and Division Integers,12975,MAP weak (10 counts each),1,20,0.956796973876938,0.020156390753831,0.004200876408889,0.2221547894434258,0.6259000711007692,0.3777973009168797,-0.4604111501959064,,False,False,False,-0.4603208041699212,0.6084658393122616,-9.034602598517738e-05,0.01743423178850756
Multiplication and Division Integers,12975,MAP weak (10 counts each),2,20,0.9567969731458454,0.0201563913498718,0.0042008764840537,0.2221547893337523,0.625909766660203,0.3777973009255298,-0.4604111501919097,,False,False,False,-0.4603208043227371,0.6084658393122616,-9.034586917261445e-05,0.017443927347941424
Multiplication and Division Integers,12975,MAP strong (50 counts each),0,22,0.9219191398336726,0.0374801332666706,0.0190294701142764,0.2201389534059191,0.6320551354146468,0.3786063195881107,-0.4614828221956799,,False,False,False,-0.4603208042027404,0.6084658393122616,-0.001162017992939468,0.023589296102385138
Multiplication and Division Integers,12975,MAP strong (50 counts each),1,21,0.9219191397679996,0.0374801333178098,0.0190294701309762,0.2201389533974735,0.6320599831943636,0.3786063195888406,-0.4614828221967074,,False,False,False,-0.4603208041699212,0.6084658393122616,-0.0011620180267861713,0.023594143882102014
Multiplication and Division Integers,12975,MAP strong (50 counts each),2,22,0.9219191400726758,0.0374801330832518,0.0190294700472785,0.2201389534370378,0.6320648309740805,0.3786063195857448,-0.4614828221924078,,False,False,False,-0.4603208043227371,0.6084658393122616,-0.0011620178696707395,0.02359899166181889
